ID,Recency,Frequency,Monetary,RFM_Segment
20017,1562,23,2262800.0,Champion
15613,1149,26,1477500.0,Champion
18304,1758,19,774131.3,Champion
84036,2780,1,627000.0,Regular
16705,6924,4,539343.73,Regular
18614,7475,1,500000.0,Regular
16022,6313,3,319913.29,Regular
15829,3813,30,302450.0,Regular
18894,1896,38,255000.0,Champion
67498,3891,1,252821.37,Regular
67318,2254,10,250022.0,Champion
64132,1174,2,200000.0,High Potential
70831,1202,6,180000.0,Champion
20832,2702,6,168000.0,Regular
15579,790,8,160000.0,Champion
15167,1874,18,151400.0,Champion
16304,2527,5,149343.73,Regular
18024,2339,10,139255.0,Champion
19669,1026,10,138822.52,Champion
15279,6619,14,132480.0,Regular
19841,7064,21,132450.0,Regular
25826,778,27,128420.0,Champion
15619,2273,17,113463.0,Champion
20819,5389,11,105737.98,Regular
17357,3743,5,90000.0,Regular
14980,1765,37,76700.0,Champion
15555,4775,1,76062.94,Regular
16877,5369,7,75000.0,Regular
17993,4066,23,74550.0,Regular
14991,4935,14,62459.0,Regular
18919,2328,17,61300.0,Champion
16951,1523,23,60700.0,Champion
15000,2615,27,60500.0,Regular
20606,4065,15,60000.0,Regular
12791,1517,12,59300.0,Champion
74794,1764,2,53580.0,High Potential
17193,7837,4,51100.0,Regular
15126,5229,2,50025.0,Regular
20953,3504,8,36000.0,Regular
17361,2274,1,33500.0,High Potential
12184,1694,1,33000.0,High Potential
17101,796,24,32750.0,Champion
15906,2461,32,31730.0,Regular
22450,1141,30,31040.0,Champion
71142,743,1,30000.0,High Potential
17285,2604,15,28000.0,Regular
16122,1163,19,27800.0,Champion
61721,2966,17,27400.0,Regular
14200,7782,8,27400.0,Regular
13269,6619,10,26850.0,Regular
13802,2247,28,26650.0,Champion
19585,4733,7,26500.0,Regular
15004,4052,9,26416.38,Regular
12426,777,7,26300.0,Champion
15383,1873,3,26000.0,Loyal
75779,2140,1,25000.0,High Potential
18519,3696,17,24850.0,Regular
13071,3704,7,20920.0,Regular
20108,7139,1,20000.0,Regular
67492,4209,1,20000.0,Regular
24419,1516,2,20000.0,High Potential
62979,2014,23,19050.0,Champion
20024,1168,6,18950.0,Champion
19053,7379,19,18600.0,Regular
16920,1161,5,18000.0,Champion
72207,1518,2,17700.0,High Potential
14833,1517,9,17500.0,Champion
15108,5894,21,17050.0,Regular
16482,4456,4,17000.0,Regular
18209,775,24,16560.0,Champion
25587,994,5,16500.0,Champion
61228,1139,4,16000.0,Champion
15668,2267,12,15950.0,Champion
70839,1138,4,15745.0,Champion
23234,5958,9,15380.0,Regular
22144,9035,1,15000.0,Regular
15117,8315,3,15000.0,Regular
41050,1498,1,15000.0,High Potential
43756,5522,3,15000.0,Regular
26898,1517,11,14850.0,Champion
53764,1517,7,14800.0,Champion
20100,2254,13,14732.94,Champion
16922,1531,19,14350.0,Champion
35797,2986,16,14300.0,Regular
19461,783,17,14150.0,Champion
16810,1517,30,14042.0,Champion
40582,6339,11,13800.0,Regular
19754,4276,2,13742.22,Regular
63086,1414,20,13550.0,Champion
27351,4290,20,13350.0,Regular
70640,798,6,13250.0,Champion
17561,2600,26,13150.0,Regular
40706,2625,13,12705.0,Regular
36134,777,22,12675.0,Champion
18158,2615,21,12550.0,Regular
15282,9024,1,12500.0,Regular
41267,5970,16,12500.0,Regular
17986,6480,11,12400.0,Regular
20618,782,13,12300.0,Champion
18520,4065,13,12100.0,Regular
18177,806,17,11950.0,Champion
48464,1475,26,11900.0,Champion
19774,1530,18,11380.0,Champion
16993,5628,12,11050.0,Regular
15134,2253,20,10950.0,Champion
14642,8505,6,10750.0,Regular
12063,1141,21,10600.0,Champion
17769,2121,3,10534.0,Loyal
13371,7957,3,10350.0,Regular
18485,1517,3,10250.0,Loyal
41518,783,16,10250.0,Champion
16009,4501,3,10200.0,Regular
13291,5034,4,10200.0,Regular
17167,6076,7,10200.0,Regular
12724,7953,3,10150.0,Regular
15446,8894,3,10100.0,Regular
23990,2276,6,10100.0,Champion
42314,1518,3,10000.0,Loyal
59570,5765,1,10000.0,Regular
40924,1517,1,10000.0,High Potential
77427,1106,2,10000.0,High Potential
54513,4061,1,10000.0,Regular
42036,6592,1,10000.0,Regular
59563,4429,1,10000.0,Regular
72741,1517,1,10000.0,High Potential
75836,2083,2,10000.0,High Potential
43714,2540,29,9850.0,Regular
15921,1427,28,9500.0,Champion
49552,1517,3,9500.0,Loyal
60430,2974,7,9300.0,Regular
15101,7348,13,9250.0,Regular
16354,778,4,9000.0,Champion
20066,1140,4,8900.0,Champion
13081,994,22,8850.0,Champion
16444,1245,5,8750.0,Champion
41630,1148,14,8688.0,Champion
23053,1434,31,8400.0,Champion
20843,3359,23,8170.0,Regular
20561,7076,4,8100.0,Regular
44328,3330,9,8000.0,Regular
78936,1168,1,8000.0,High Potential
12674,1880,7,8000.0,Champion
12744,783,18,7950.0,Champion
21358,4470,13,7900.0,Regular
15024,5157,25,7800.0,Regular
12019,2968,27,7650.0,Regular
25577,1260,23,7500.0,Champion
53898,2603,6,7500.0,Regular
14696,4436,17,7450.0,Regular
40569,7907,11,7450.0,Regular
48538,4843,9,7400.0,Regular
15366,1159,14,7350.0,Champion
17675,2511,3,7000.0,Regular
18398,791,20,7000.0,Champion
17804,6651,11,6950.0,Regular
54453,1869,9,6900.0,Champion
16044,788,22,6750.0,Champion
19605,798,7,6750.0,Champion
17553,6651,7,6730.0,Regular
17584,3297,22,6500.0,Regular
16537,5167,17,6450.0,Regular
23613,3332,9,6400.0,Regular
54284,3542,9,6300.0,Regular
17373,2573,19,6300.0,Regular
14489,1140,3,6250.0,Loyal
22145,5713,6,6000.0,Regular
17249,4554,13,6000.0,Regular
12418,8447,3,6000.0,Regular
20097,788,18,5870.0,Champion
15616,4927,14,5730.0,Regular
19769,1170,19,5700.0,Champion
43646,1530,18,5700.0,Champion
61737,1870,19,5700.0,Champion
18157,782,18,5700.0,Champion
15789,3714,18,5700.0,Regular
16670,4066,22,5650.0,Regular
53553,830,28,5600.0,Champion
44178,2104,12,5600.0,Champion
23504,1167,23,5550.0,Champion
19738,3107,13,5540.0,Regular
50321,2540,21,5500.0,Regular
22566,984,10,5500.0,Champion
18985,6290,3,5500.0,Regular
16792,7203,5,5500.0,Regular
61470,797,2,5500.0,High Potential
16631,5527,12,5500.0,Regular
52053,1296,6,5470.0,Champion
13654,1517,12,5450.0,Champion
36035,3969,9,5400.0,Regular
16150,2244,16,5360.0,Champion
15574,4290,24,5350.0,Regular
17122,988,5,5305.0,Champion
14685,5754,7,5300.0,Regular
50129,1462,26,5300.0,Champion
18582,1161,19,5300.0,Champion
43967,1698,19,5296.26,Champion
12015,8667,3,5250.0,Regular
23938,1512,4,5250.0,Champion
16420,1519,22,5150.0,Champion
19939,1450,20,5129.19,Champion
14480,4432,2,5100.0,Regular
16888,994,19,5050.0,Champion
13064,5130,1,5000.0,Regular
15226,2276,18,5000.0,Champion
42000,4369,1,5000.0,Regular
62907,802,1,5000.0,High Potential
17004,4261,1,5000.0,Regular
21072,790,8,5000.0,Champion
20125,5460,1,5000.0,Regular
19750,1198,21,5000.0,Champion
12918,5158,1,5000.0,Regular
76169,2031,1,5000.0,High Potential
78251,897,1,5000.0,High Potential
43556,1219,1,5000.0,High Potential
60899,977,18,5000.0,Champion
15048,966,8,5000.0,Champion
19236,1068,1,5000.0,High Potential
17342,4908,1,5000.0,Regular
63418,2335,1,5000.0,High Potential
14876,7641,3,5000.0,Regular
63570,1517,16,5000.0,Champion
64133,1517,1,5000.0,High Potential
24364,2329,2,5000.0,High Potential
33549,3595,1,5000.0,Regular
18533,788,1,5000.0,High Potential
30191,2101,2,5000.0,High Potential
13892,1517,1,5000.0,High Potential
23712,2604,1,5000.0,Regular
75739,1517,1,5000.0,High Potential
74092,2603,1,5000.0,Regular
13214,6619,1,5000.0,Regular
62980,2447,1,5000.0,Regular
64399,4684,1,5000.0,Regular
25062,782,32,4912.0,Champion
13446,6592,10,4900.0,Regular
15093,1873,12,4900.0,Champion
17467,1523,8,4850.0,Champion
63836,1289,22,4800.0,Champion
16291,2563,23,4800.0,Regular
43146,1286,24,4800.0,Champion
16173,789,25,4775.0,Champion
18139,785,26,4750.0,Champion
14701,7553,3,4700.0,Regular
63385,1444,23,4600.0,Champion
15448,5765,13,4525.0,Regular
15286,1874,5,4500.0,Champion
24058,1474,11,4500.0,Champion
68574,776,10,4500.0,Champion
14740,1869,11,4500.0,Champion
17606,2538,17,4450.0,Regular
20705,1154,13,4425.0,Champion
20448,1289,12,4350.0,Champion
18103,8811,4,4350.0,Regular
68579,798,16,4300.0,Champion
55141,1874,21,4200.0,Champion
49496,2535,22,4200.0,Regular
15037,2909,20,4200.0,Regular
57789,1537,21,4200.0,Champion
59695,1267,11,4200.0,Champion
15669,3247,19,4190.0,Regular
19797,1786,14,4150.0,Champion
16956,1397,12,4150.0,Champion
44006,2560,23,4150.0,Regular
54512,2060,5,4125.0,Champion
15310,2960,24,4100.0,Regular
35689,6983,7,4100.0,Regular
14633,5713,7,4100.0,Regular
40426,8093,5,4100.0,Regular
22489,784,3,4082.8199999999997,Loyal
41620,1873,14,4050.0,Champion
12986,7714,9,4020.0,Regular
17758,6950,7,4000.0,Regular
15325,2235,2,4000.0,High Potential
15435,6257,4,4000.0,Regular
41863,5349,7,4000.0,Regular
18457,1516,23,3980.0,Champion
21970,746,3,3950.0,Loyal
13417,8188,5,3875.0,Regular
17874,2283,13,3825.0,Champion
14423,6983,9,3800.0,Regular
15007,1504,5,3800.0,Champion
19858,2177,11,3800.0,Champion
20160,1065,19,3800.0,Champion
23089,2203,19,3800.0,Champion
15539,1517,3,3750.0,Loyal
15870,3660,18,3750.0,Regular
17594,1413,20,3750.0,Champion
44133,2255,12,3700.0,Champion
15648,2279,20,3700.0,Champion
28162,1517,5,3650.0,Champion
17506,5570,7,3650.0,Regular
21573,5034,13,3625.0,Regular
17621,1141,27,3610.0,Champion
16891,2199,18,3600.0,Champion
66166,923,14,3600.0,Champion
15559,1163,5,3600.0,Champion
21060,2206,18,3600.0,Champion
61467,1534,18,3600.0,Champion
15528,7356,14,3550.0,Regular
19766,1517,13,3550.0,Champion
17266,6257,7,3500.0,Regular
72529,796,3,3500.0,Loyal
22754,2275,3,3500.0,Loyal
44224,1517,18,3500.0,Champion
16805,5545,10,3450.0,Regular
16978,2601,8,3450.0,Regular
43469,4290,12,3450.0,Regular
15635,5390,4,3450.0,Regular
12728,1105,5,3430.0,Champion
26525,2538,17,3400.0,Regular
13793,1517,7,3400.0,Champion
65354,1421,17,3400.0,Champion
13767,8478,4,3400.0,Regular
63944,2540,17,3400.0,Regular
19231,4065,6,3400.0,Regular
17054,5522,13,3400.0,Regular
43608,2296,17,3400.0,Champion
50761,4795,6,3400.0,Regular
55918,3178,7,3400.0,Regular
15667,7368,6,3350.0,Regular
47919,2610,14,3340.0,Regular
16950,8569,1,3333.33,Regular
18743,784,7,3300.0,Champion
19138,1517,15,3300.0,Champion
55737,1869,17,3300.0,Champion
27475,6264,8,3300.0,Regular
15843,1148,20,3290.0,Champion
41372,1517,6,3270.0,Champion
12598,5164,5,3250.0,Regular
15337,1146,26,3250.0,Champion
25347,3704,18,3250.0,Regular
35777,3330,19,3250.0,Regular
64185,1443,16,3240.0,Champion
44164,5501,11,3200.0,Regular
16323,3331,6,3200.0,Regular
56878,796,4,3200.0,Champion
68276,994,4,3200.0,Champion
17676,6619,5,3200.0,Regular
17544,1517,9,3175.0,Champion
15820,6620,13,3150.0,Regular
21347,6266,2,3100.0,Regular
31397,8079,4,3100.0,Regular
66236,1173,18,3064.0,Champion
17943,7348,6,3050.0,Regular
36045,5754,11,3050.0,Regular
66300,1517,2,3025.0,High Potential
15728,2540,15,3000.0,Regular
19880,4066,15,3000.0,Regular
54166,6831,1,3000.0,Regular
53939,6880,1,3000.0,Regular
15724,3611,15,3000.0,Regular
49845,2212,15,3000.0,Champion
23672,1076,15,3000.0,Champion
77346,771,3,3000.0,Loyal
19755,5522,8,3000.0,Regular
60078,4858,3,3000.0,Regular
42756,6993,2,3000.0,Regular
63228,2538,15,3000.0,Regular
17029,1517,16,3000.0,Champion
15125,2892,15,3000.0,Regular
23758,2295,15,3000.0,Champion
13323,8450,3,3000.0,Regular
18026,9182,1,3000.0,Regular
23910,4747,5,3000.0,Regular
66181,1472,15,3000.0,Champion
18149,4722,5,3000.0,Regular
65199,1140,15,3000.0,Champion
57964,1651,5,3000.0,Champion
15308,1813,24,2990.0,Champion
15580,3589,13,2965.0,Regular
37086,5894,14,2950.0,Regular
58437,1091,15,2950.0,Champion
25257,7329,2,2944.5499999999997,Regular
12660,755,20,2928.0,Champion
13759,1912,10,2900.0,Champion
22726,3504,3,2900.0,Regular
71226,788,21,2835.0,Champion
68871,1455,14,2800.0,Champion
62875,2364,8,2800.0,Champion
22122,2357,8,2800.0,Champion
21520,4851,14,2800.0,Regular
64717,3018,14,2800.0,Regular
20579,4436,8,2800.0,Regular
72081,924,8,2800.0,Champion
73972,782,6,2800.0,Champion
20642,4663,9,2800.0,Regular
13215,789,13,2788.0,Champion
56242,1154,14,2775.0,Champion
40340,1517,12,2760.0,Champion
16385,782,8,2755.0,Champion
36819,7356,12,2750.0,Regular
44096,2609,1,2750.0,Regular
66938,1112,2,2750.0,High Potential
14646,3715,13,2750.0,Regular
12217,8806,9,2750.0,Regular
20126,2122,14,2730.0,Champion
18937,1113,11,2730.0,Champion
15365,5975,9,2722.0,Regular
56205,3088,14,2700.0,Regular
24352,1421,8,2700.0,Champion
21992,1512,11,2700.0,Champion
50567,4501,6,2700.0,Regular
17744,1517,4,2700.0,Champion
13386,2282,10,2700.0,Champion
40733,7113,6,2700.0,Regular
13612,1869,6,2700.0,Champion
66237,1517,5,2700.0,Champion
13424,4799,9,2700.0,Regular
62413,1899,9,2600.0,Champion
13843,8085,3,2600.0,Regular
12061,5759,7,2600.0,Regular
54641,861,13,2600.0,Champion
43727,2899,13,2600.0,Regular
18714,2870,13,2600.0,Regular
54281,2269,13,2600.0,Champion
63292,2569,13,2600.0,Regular
61427,2262,13,2600.0,Champion
22879,775,13,2600.0,Champion
44324,3330,12,2600.0,Regular
15832,2415,12,2550.0,Regular
25840,1517,2,2550.0,High Potential
16319,4436,16,2550.0,Regular
64171,1517,11,2550.0,Champion
19079,4065,10,2550.0,Regular
48132,1531,13,2550.0,Champion
12783,7634,12,2550.0,Regular
40558,1141,20,2548.0,Champion
20384,1517,1,2500.0,High Potential
16072,6455,1,2500.0,Regular
47779,3455,11,2500.0,Regular
15084,3232,11,2500.0,Regular
43407,7585,3,2500.0,Regular
56268,2605,5,2500.0,Regular
60344,1517,1,2500.0,High Potential
15518,3241,11,2500.0,Regular
16775,6592,1,2500.0,Regular
65556,3696,2,2500.0,Regular
43233,8803,1,2500.0,Regular
14572,2605,9,2450.0,Regular
44345,3095,12,2400.0,Regular
47653,5348,6,2400.0,Regular
70832,1263,6,2400.0,Champion
62333,1910,12,2400.0,Champion
12978,8446,3,2400.0,Regular
68073,1990,12,2400.0,Champion
24393,2367,12,2400.0,Champion
62878,3269,12,2400.0,Regular
60369,2630,12,2400.0,Regular
64982,2904,12,2400.0,Regular
22781,7349,5,2400.0,Regular
36790,4641,16,2400.0,Regular
40757,6256,24,2395.0,Regular
20616,1524,12,2390.0,Champion
18986,999,16,2365.0,Champion
15400,3056,14,2350.0,Regular
15052,2288,15,2350.0,Champion
41599,3634,6,2350.0,Regular
15455,4066,15,2350.0,Regular
15805,3660,16,2340.0,Regular
58351,795,12,2340.0,Champion
15106,3352,5,2325.0,Regular
15038,6630,9,2320.0,Regular
15994,6619,7,2300.0,Regular
15387,1524,9,2300.0,Champion
60962,3696,13,2300.0,Regular
20201,5522,17,2290.0,Regular
49437,3319,12,2280.0,Regular
16746,5410,7,2275.0,Regular
25314,3627,11,2270.0,Regular
18516,4795,7,2250.0,Regular
14141,4068,13,2250.0,Regular
55378,789,10,2250.0,Champion
64500,1517,7,2250.0,Champion
16692,2975,6,2250.0,Regular
18360,4795,14,2250.0,Regular
18612,8736,2,2250.0,Regular
27486,5390,2,2250.0,Regular
15474,8083,5,2200.0,Regular
18600,3016,11,2200.0,Regular
19511,3091,11,2200.0,Regular
65207,3091,5,2200.0,Regular
22014,2918,11,2200.0,Regular
58332,2976,6,2200.0,Regular
72504,1469,8,2200.0,Champion
72541,1107,11,2200.0,Champion
61520,2632,11,2200.0,Regular
18997,4795,12,2200.0,Regular
57316,2535,11,2200.0,Regular
22408,3009,11,2200.0,Regular
16447,3604,2,2200.0,Regular
18949,3940,3,2200.0,Regular
30671,782,2,2175.0,High Potential
42511,2269,15,2170.0,Champion
21975,1517,6,2150.0,Champion
57492,3623,11,2150.0,Regular
40694,8086,5,2150.0,Regular
12572,1517,8,2140.0,Champion
12091,3728,20,2140.0,Regular
66897,888,1,2121.0,High Potential
68690,1365,18,2110.0,Champion
18186,7722,5,2100.0,Regular
12588,8617,6,2100.0,Regular
57471,999,3,2100.0,Loyal
18426,8674,2,2100.0,Regular
70703,897,9,2100.0,Champion
72038,1173,9,2100.0,Champion
35986,6124,11,2100.0,Regular
49774,3766,7,2100.0,Regular
13283,1079,20,2070.0,Champion
35985,7334,6,2060.0,Regular
18696,3346,19,2059.0,Regular
16036,4045,18,2051.0,Regular
18104,1532,13,2050.0,Champion
65018,1517,10,2050.0,Champion
17727,3352,9,2050.0,Regular
21096,1517,11,2050.0,Champion
12781,2287,20,2050.0,Champion
16369,1173,19,2045.0,Champion
24414,2126,3,2006.4,Loyal
20788,6991,2,2000.0,Regular
54551,3420,6,2000.0,Regular
62745,3248,10,2000.0,Regular
12582,9178,1,2000.0,Regular
72548,1517,1,2000.0,High Potential
52498,2888,10,2000.0,Regular
52974,1898,8,2000.0,Champion
43451,6986,3,2000.0,Regular
53192,2272,10,2000.0,Champion
19432,2097,1,2000.0,High Potential
67456,1799,10,2000.0,Champion
67903,1457,10,2000.0,Champion
41405,5970,12,2000.0,Regular
18772,8450,4,2000.0,Regular
24234,8811,2,2000.0,Regular
57925,1273,10,2000.0,Champion
57862,1288,6,2000.0,Champion
67122,896,10,2000.0,Champion
36935,3360,11,2000.0,Regular
25076,5208,7,2000.0,Regular
66845,732,10,2000.0,Champion
30609,1517,1,2000.0,High Potential
66255,2540,10,2000.0,Regular
15964,7684,4,2000.0,Regular
81098,796,1,2000.0,High Potential
13803,1517,3,2000.0,Loyal
30485,774,4,2000.0,Champion
21581,1517,2,2000.0,High Potential
65601,2657,10,2000.0,Regular
60841,2352,10,2000.0,Champion
43819,3092,4,2000.0,Regular
43840,3268,10,2000.0,Regular
43994,6983,4,2000.0,Regular
64318,1445,10,2000.0,Champion
64304,1782,8,2000.0,Champion
68465,2538,10,2000.0,Regular
64257,1460,10,2000.0,Champion
26396,1505,10,1980.0,Champion
30981,1517,17,1980.0,Champion
64856,2240,4,1950.0,Champion
18388,6258,7,1950.0,Regular
62061,2990,5,1950.0,Regular
15875,1139,10,1950.0,Champion
19837,3004,10,1925.0,Regular
12027,2974,15,1915.0,Regular
17865,4733,7,1900.0,Regular
21572,1936,10,1900.0,Champion
16617,1145,10,1900.0,Champion
44214,1604,11,1900.0,Champion
71669,774,10,1900.0,Champion
12945,7585,8,1900.0,Regular
70767,1510,8,1900.0,Champion
17734,4065,18,1900.0,Regular
55000,2535,10,1900.0,Regular
20678,7641,7,1900.0,Regular
18277,2974,12,1875.0,Regular
18832,3339,19,1850.0,Regular
15777,5157,4,1850.0,Regular
18488,4053,6,1850.0,Regular
18618,3969,11,1850.0,Regular
21856,3623,9,1850.0,Regular
15857,775,14,1850.0,Champion
57878,5298,1,1800.0,Regular
54753,1537,9,1800.0,Champion
57950,3231,9,1800.0,Regular
64219,2015,9,1800.0,Champion
68490,1876,9,1800.0,Champion
67166,906,9,1800.0,Champion
22453,2749,9,1800.0,Regular
43107,3623,9,1800.0,Regular
67609,2490,9,1800.0,Regular
17447,1873,13,1800.0,Champion
13165,6983,7,1800.0,Regular
66523,3091,7,1800.0,Regular
18244,1118,2,1800.0,High Potential
44221,914,9,1800.0,Champion
65616,2355,9,1800.0,Champion
63694,3623,9,1800.0,Regular
68857,1924,9,1800.0,Champion
63263,2701,9,1800.0,Regular
15972,4436,15,1800.0,Regular
60953,2892,5,1800.0,Regular
15514,4436,17,1800.0,Regular
14519,6619,9,1750.0,Regular
12596,777,3,1750.0,Loyal
18953,7349,6,1750.0,Regular
77750,994,1,1750.0,High Potential
23417,1512,14,1720.0,Champion
17701,3324,3,1700.0,Regular
44038,5034,9,1700.0,Regular
14878,7713,5,1700.0,Regular
15527,2986,14,1700.0,Regular
20451,1517,6,1700.0,Champion
18494,1138,22,1680.0,Champion
53708,1138,10,1660.0,Champion
42398,5522,5,1650.0,Regular
20774,1856,16,1650.0,Champion
40318,4436,7,1650.0,Regular
56291,3343,7,1650.0,Regular
55012,4079,8,1650.0,Regular
24404,999,6,1650.0,Champion
12764,5390,12,1650.0,Regular
21156,2968,5,1650.0,Regular
15495,1869,20,1625.0,Champion
30922,1517,4,1620.0,Champion
72430,1177,8,1600.0,Champion
62146,1630,8,1600.0,Champion
53253,5765,4,1600.0,Regular
56173,1517,8,1600.0,Champion
19495,2204,8,1600.0,Champion
66711,2892,8,1600.0,Regular
66448,2902,8,1600.0,Regular
65038,3102,8,1600.0,Regular
27684,8446,4,1600.0,Regular
20963,2182,8,1600.0,Champion
63667,2293,6,1600.0,Champion
13023,8092,4,1600.0,Regular
70914,2150,8,1600.0,Champion
70463,892,4,1600.0,Champion
67474,2237,8,1600.0,Champion
15299,1905,6,1600.0,Champion
52701,3087,8,1600.0,Regular
31113,1273,6,1600.0,Champion
58676,2986,8,1600.0,Regular
13987,8079,3,1600.0,Regular
22051,3301,8,1600.0,Regular
30298,2157,6,1600.0,Champion
12831,8617,4,1600.0,Regular
47489,1861,6,1600.0,Champion
18194,2931,3,1600.0,Regular
20353,2604,9,1560.0,Regular
16283,4369,15,1550.0,Regular
64367,4669,6,1550.0,Regular
22416,6628,8,1550.0,Regular
15036,4065,9,1550.0,Regular
23296,3693,11,1550.0,Regular
41239,2612,16,1550.0,Regular
16275,2966,10,1550.0,Regular
17767,7963,7,1550.0,Regular
16880,2947,15,1520.0,Regular
21851,3891,12,1520.0,Regular
22110,1702,6,1505.0,Champion
12689,4554,8,1500.0,Regular
41665,7953,4,1500.0,Regular
22178,5178,1,1500.0,Regular
42259,5170,3,1500.0,Regular
15665,8082,3,1500.0,Regular
60574,4792,4,1500.0,Regular
16096,4733,1,1500.0,Regular
34019,1517,1,1500.0,High Potential
21456,4733,1,1500.0,Regular
19704,7349,6,1500.0,Regular
17726,4429,15,1500.0,Regular
40770,8082,4,1500.0,Regular
17569,1517,6,1500.0,Champion
17816,5167,2,1500.0,Regular
17968,4426,8,1500.0,Regular
44177,1517,3,1500.0,Loyal
44165,5129,3,1500.0,Regular
76634,995,2,1500.0,High Potential
18137,4079,9,1500.0,Regular
36053,7993,3,1500.0,Regular
22071,1509,6,1500.0,Champion
27435,4799,10,1494.93,Regular
16908,5478,21,1480.0,Regular
15745,4796,8,1450.0,Regular
18380,5893,8,1450.0,Regular
17323,4843,23,1450.0,Regular
23341,2966,6,1450.0,Regular
15509,3340,7,1450.0,Regular
59147,1517,8,1450.0,Champion
14527,7928,4,1450.0,Regular
19878,5158,6,1450.0,Regular
14720,1161,16,1425.0,Champion
68319,1859,5,1402.0,Champion
12141,4733,3,1400.0,Regular
75053,1261,7,1400.0,Champion
20445,1105,5,1400.0,Champion
75927,777,3,1400.0,Loyal
66277,2199,7,1400.0,Champion
66041,3420,3,1400.0,Regular
65606,2540,7,1400.0,Regular
66829,1930,7,1400.0,Champion
18295,1172,12,1400.0,Champion
64597,3623,7,1400.0,Regular
64963,3274,7,1400.0,Regular
68237,1517,7,1400.0,Champion
48662,3715,7,1400.0,Regular
57854,1475,7,1400.0,Champion
70670,1899,7,1400.0,Champion
56602,4290,7,1400.0,Regular
72224,1630,7,1400.0,Champion
50877,4157,6,1400.0,Regular
55357,3715,7,1400.0,Regular
18998,1811,8,1400.0,Champion
63916,2441,7,1400.0,Regular
67913,994,4,1400.0,Champion
36694,5389,5,1400.0,Regular
30496,1840,7,1400.0,Champion
64272,1534,7,1400.0,Champion
69191,833,7,1400.0,Champion
64286,776,5,1400.0,Champion
14393,7039,9,1400.0,Regular
41444,4061,15,1400.0,Regular
22860,4429,14,1400.0,Regular
22861,7363,3,1400.0,Regular
68659,2386,7,1400.0,Champion
42652,3351,7,1400.0,Regular
42691,3612,7,1400.0,Regular
61345,3268,5,1400.0,Regular
59622,3277,7,1400.0,Regular
48808,2355,7,1400.0,Champion
59111,3276,7,1400.0,Regular
69066,1646,7,1400.0,Champion
47852,3241,7,1400.0,Regular
59991,3351,7,1400.0,Regular
42650,7348,1,1395.0,Regular
36153,7113,6,1375.0,Regular
25978,1530,16,1375.0,Champion
35546,4747,9,1355.5,Regular
78368,827,4,1350.0,Champion
60587,2611,3,1350.0,Regular
16871,7797,5,1350.0,Regular
27582,7225,6,1350.0,Regular
12915,1162,3,1350.0,Loyal
24133,6017,7,1350.0,Regular
22983,4795,14,1348.0,Regular
14080,2601,7,1340.0,Regular
15155,2435,15,1330.0,Regular
12574,2610,14,1330.0,Regular
41882,771,10,1325.0,Champion
14682,776,13,1325.0,Champion
43219,3660,15,1320.0,Regular
22813,6983,6,1300.0,Regular
17897,7722,3,1300.0,Regular
15938,2260,15,1300.0,Champion
16403,4064,10,1300.0,Regular
21446,4684,4,1300.0,Regular
18712,4792,7,1300.0,Regular
18267,6257,10,1280.0,Regular
48745,5759,4,1250.0,Regular
25989,1870,13,1250.0,Champion
16422,5754,5,1250.0,Regular
17106,6619,7,1250.0,Regular
19341,1516,3,1250.0,Loyal
42140,7349,2,1250.0,Regular
16374,5157,9,1250.0,Regular
68849,774,3,1250.0,Loyal
14320,6252,4,1250.0,Regular
57139,1510,9,1250.0,Champion
16079,1870,5,1250.0,Champion
12850,8315,2,1250.0,Regular
20716,6630,8,1200.0,Regular
20722,6423,8,1200.0,Regular
25854,8902,2,1200.0,Regular
75944,1268,6,1200.0,Champion
12020,798,4,1200.0,Champion
19827,6983,7,1200.0,Regular
71822,2367,2,1200.0,High Potential
54569,5382,2,1200.0,Regular
56570,3234,8,1200.0,Regular
71748,2262,6,1200.0,Champion
71282,994,6,1200.0,Champion
49438,2175,6,1200.0,Champion
68864,2563,6,1200.0,Regular
63201,2365,6,1200.0,Champion
42487,3282,6,1200.0,Regular
68430,3085,2,1200.0,Regular
18632,4071,6,1200.0,Regular
65014,2659,6,1200.0,Regular
27453,4652,2,1200.0,Regular
27198,7244,8,1200.0,Regular
66643,3087,2,1200.0,Regular
48122,4079,6,1200.0,Regular
42423,4866,6,1200.0,Regular
40703,7349,4,1200.0,Regular
63922,2856,6,1200.0,Regular
23608,8286,3,1200.0,Regular
68536,1985,6,1200.0,Champion
41119,3969,6,1200.0,Regular
43011,5157,3,1200.0,Regular
44088,3969,6,1200.0,Regular
58440,3623,6,1200.0,Regular
72183,2204,6,1200.0,Champion
54052,3969,6,1200.0,Regular
55085,3969,6,1200.0,Regular
55394,4663,3,1200.0,Regular
72464,1517,2,1200.0,High Potential
56589,1442,6,1200.0,Champion
53216,3270,6,1200.0,Regular
47611,3277,6,1200.0,Regular
15369,795,10,1200.0,Champion
59548,3420,2,1200.0,Regular
71087,1517,2,1200.0,High Potential
58134,3455,6,1200.0,Regular
44208,6017,7,1200.0,Regular
71779,901,6,1200.0,Champion
57409,3296,4,1200.0,Regular
15653,2990,11,1200.0,Regular
68186,3086,2,1180.0,Regular
17715,4732,13,1170.0,Regular
13581,5236,6,1150.0,Regular
12688,5167,4,1150.0,Regular
17987,4065,7,1150.0,Regular
41074,2166,7,1150.0,Champion
35900,6174,4,1150.0,Regular
14344,7585,8,1150.0,Regular
17534,2601,3,1150.0,Regular
22395,774,5,1150.0,Champion
22161,1517,8,1150.0,Champion
14936,5754,6,1150.0,Regular
16996,5158,9,1150.0,Regular
61841,773,6,1150.0,Champion
49620,4660,11,1150.0,Regular
15698,3714,6,1150.0,Regular
75942,986,19,1140.0,Champion
22311,1170,7,1140.0,Champion
13402,1517,11,1125.0,Champion
30279,3715,6,1120.0,Regular
74212,1510,5,1110.0,Champion
40586,7349,5,1100.0,Regular
13537,9066,2,1100.0,Regular
13582,9164,2,1100.0,Regular
57898,782,2,1100.0,High Potential
16003,6243,7,1100.0,Regular
68176,1875,4,1100.0,Champion
17472,4908,4,1100.0,Regular
57711,4068,3,1100.0,Regular
34966,2603,2,1100.0,Regular
14314,7713,2,1100.0,Regular
59772,2722,7,1100.0,Regular
19404,4403,2,1100.0,Regular
15116,2981,8,1090.0,Regular
76291,1000,18,1080.0,Champion
15877,5229,13,1060.0,Regular
43548,7553,1,1060.0,Regular
16406,5529,8,1060.0,Regular
16398,6027,9,1050.0,Regular
52243,2246,8,1050.0,Champion
30924,1140,2,1050.0,High Potential
14903,8446,7,1050.0,Regular
19463,2304,10,1050.0,Champion
21557,6830,3,1050.0,Regular
64665,2965,5,1050.0,Regular
12917,7356,4,1050.0,Regular
22573,797,3,1050.0,Loyal
14781,1511,12,1050.0,Champion
23325,2967,10,1050.0,Regular
21300,5157,9,1050.0,Regular
20945,4655,3,1050.0,Regular
16929,2591,15,1050.0,Regular
16028,6830,4,1050.0,Regular
16092,5919,12,1050.0,Regular
50240,2286,5,1050.0,Champion
62909,1517,2,1040.0,High Potential
15790,4066,10,1035.0,Regular
17669,8455,2,1025.0,Regular
18077,797,7,1025.0,Champion
52775,3969,5,1024.9,Regular
59380,1517,6,1020.0,Champion
43986,7641,3,1020.0,Regular
27593,9170,1,1000.0,Regular
17495,8637,4,1000.0,Regular
40698,7939,11,1000.0,Regular
27966,6490,6,1000.0,Regular
36683,1530,11,1000.0,Champion
72586,1805,5,1000.0,Champion
74085,1517,1,1000.0,High Potential
74105,994,3,1000.0,Loyal
17819,3330,5,1000.0,Regular
43419,5138,4,1000.0,Regular
70667,2633,5,1000.0,Regular
43649,1517,1,1000.0,High Potential
13243,6122,5,1000.0,Regular
68300,2647,3,1000.0,Regular
68501,913,5,1000.0,Champion
20943,8288,3,1000.0,Regular
47579,3623,6,1000.0,Regular
18437,6283,1,1000.0,Regular
16862,4792,6,1000.0,Regular
13250,1517,1,1000.0,High Potential
43347,1517,1,1000.0,High Potential
17037,5158,11,1000.0,Regular
43076,3969,5,1000.0,Regular
17573,2612,12,1000.0,Regular
42627,4157,3,1000.0,Regular
69182,2632,5,1000.0,Regular
41458,5024,8,1000.0,Regular
41075,1666,1,1000.0,High Potential
17236,6255,9,1000.0,Regular
27131,994,1,1000.0,High Potential
17309,1516,1,1000.0,High Potential
41603,4669,5,1000.0,Regular
54710,3623,5,1000.0,Regular
54454,783,1,1000.0,High Potential
24023,1517,1,1000.0,High Potential
53994,1517,1,1000.0,High Potential
24000,6698,5,1000.0,Regular
52860,1517,1,1000.0,High Potential
65977,2365,3,1000.0,Loyal
65652,3577,5,1000.0,Regular
24109,9028,2,1000.0,Regular
53533,2871,5,1000.0,Regular
49631,3969,5,1000.0,Regular
48648,3577,5,1000.0,Regular
49846,1517,1,1000.0,High Potential
18547,4436,17,1000.0,Regular
50689,1517,1,1000.0,High Potential
52405,3766,5,1000.0,Regular
25576,1517,1,1000.0,High Potential
67719,797,3,1000.0,Loyal
19717,8275,1,1000.0,Regular
71248,1901,5,1000.0,Champion
70575,2570,5,1000.0,Regular
57651,784,1,1000.0,High Potential
23149,9028,2,1000.0,Regular
18965,1869,6,1000.0,Champion
57710,3588,2,1000.0,Regular
21942,6635,1,1000.0,Regular
19560,4733,1,1000.0,Regular
23714,2988,1,1000.0,Regular
55350,1517,1,1000.0,High Potential
64952,3969,5,1000.0,Regular
19557,3969,3,1000.0,Regular
23656,3420,3,1000.0,Regular
59744,1517,1,1000.0,High Potential
19232,3696,1,1000.0,Regular
22035,1517,2,1000.0,High Potential
63799,3696,5,1000.0,Regular
63856,3386,5,1000.0,Regular
58360,3969,5,1000.0,Regular
58401,5220,2,1000.0,Regular
59255,3945,1,1000.0,Regular
57984,4796,1,1000.0,Regular
15479,8446,3,1000.0,Regular
65229,3458,5,1000.0,Regular
56826,3350,5,1000.0,Regular
62219,2356,5,1000.0,Champion
61741,3311,5,1000.0,Regular
22659,2540,5,1000.0,Regular
59826,3766,5,1000.0,Regular
22451,1517,1,1000.0,High Potential
22168,5160,2,1000.0,Regular
62334,1517,1,1000.0,High Potential
22797,8036,1,1000.0,Regular
60456,3415,5,1000.0,Regular
15253,2974,2,1000.0,Regular
77911,798,1,1000.0,High Potential
22526,3420,5,1000.0,Regular
18005,3116,1,1000.0,Regular
35099,4684,2,1000.0,Regular
19004,6993,1,1000.0,Regular
18118,999,2,1000.0,High Potential
75006,1474,5,1000.0,Champion
35543,4858,5,1000.0,Regular
75051,784,2,1000.0,High Potential
76870,1517,1,1000.0,High Potential
12708,1162,8,980.0,Champion
15073,1161,7,970.0,Champion
47251,7928,2,965.0,Regular
27629,7489,4,950.0,Regular
43079,2587,4,950.0,Regular
36040,4660,4,950.0,Regular
23278,6619,9,950.0,Regular
18195,8524,4,950.0,Regular
68206,1006,3,950.0,Loyal
36993,8079,5,950.0,Regular
17725,1517,8,940.0,Champion
37111,6180,4,931.0,Regular
13352,1160,5,925.0,Champion
12533,7609,8,900.0,Regular
12106,6628,3,900.0,Regular
16715,6635,9,900.0,Regular
66273,1517,3,900.0,Loyal
66105,1517,4,900.0,Champion
18392,6252,9,900.0,Regular
35602,6252,6,900.0,Regular
17875,789,24,900.0,Champion
75050,1475,3,900.0,Loyal
52336,1517,3,900.0,Loyal
44057,5751,4,900.0,Regular
66272,2969,3,900.0,Regular
74201,795,2,900.0,High Potential
54073,5157,4,900.0,Regular
16103,2245,15,900.0,Champion
22603,2257,3,900.0,Loyal
14465,6480,6,900.0,Regular
61197,1510,5,900.0,Champion
42147,6091,4,900.0,Regular
17625,6252,6,900.0,Regular
71161,1510,3,900.0,Loyal
42875,7348,4,900.0,Regular
22979,7286,4,900.0,Regular
74276,2256,1,888.0,High Potential
15039,1162,8,885.0,Champion
57056,3696,4,880.0,Regular
24188,3940,7,880.0,Regular
75864,785,4,875.0,Champion
16816,3711,8,875.0,Regular
13886,6252,5,875.0,Regular
20118,7356,8,870.0,Regular
74267,1517,3,850.0,Loyal
18747,1855,6,850.0,Champion
57788,797,3,850.0,Loyal
41264,5513,8,850.0,Regular
31017,2253,4,850.0,Champion
74938,918,4,850.0,Champion
40595,7939,6,850.0,Regular
67972,3056,4,850.0,Regular
42125,7113,6,850.0,Regular
65674,774,4,850.0,Champion
22238,2583,10,830.0,Regular
17590,994,5,825.0,Champion
66319,994,5,825.0,Champion
15270,3954,5,820.0,Regular
15779,4663,8,820.0,Regular
25505,3226,9,820.0,Regular
19179,1162,7,820.0,Champion
15107,1152,8,820.0,Champion
66588,935,1,808.0,High Potential
19468,2925,4,800.0,Regular
20439,3420,4,800.0,Regular
20471,2283,2,800.0,High Potential
74155,2008,4,800.0,Champion
20123,6880,3,800.0,Regular
12005,2511,4,800.0,Regular
73862,1538,4,800.0,Champion
73906,2000,4,800.0,Champion
63604,3766,2,800.0,Regular
63550,2920,5,800.0,Regular
59301,2330,4,800.0,Champion
59434,2169,4,800.0,Champion
59802,2358,2,800.0,High Potential
59521,2920,4,800.0,Regular
61081,2751,4,800.0,Regular
60810,1995,4,800.0,Champion
55043,732,4,800.0,Champion
42915,3239,4,800.0,Regular
43012,3623,4,800.0,Regular
72172,1629,2,800.0,High Potential
19821,7949,3,800.0,Regular
20034,3431,4,800.0,Regular
12656,6971,3,800.0,Regular
63761,4079,4,800.0,Regular
70996,2365,4,800.0,Champion
71567,2653,4,800.0,Regular
14525,3442,4,800.0,Regular
64630,3969,4,800.0,Regular
65059,3288,4,800.0,Regular
65143,2728,2,800.0,Regular
65243,3009,4,800.0,Regular
65276,3623,4,800.0,Regular
17468,5527,4,800.0,Regular
68921,2269,4,800.0,Champion
41661,4064,4,800.0,Regular
63919,3969,4,800.0,Regular
14853,2966,6,800.0,Regular
61026,2736,4,800.0,Regular
61071,3268,4,800.0,Regular
60343,3766,4,800.0,Regular
40463,6454,3,800.0,Regular
19164,7518,4,800.0,Regular
60321,4157,4,800.0,Regular
57366,2204,4,800.0,Champion
15347,8454,4,800.0,Regular
65888,3086,4,800.0,Regular
16932,8191,4,800.0,Regular
65953,2156,4,800.0,Champion
16624,3324,4,800.0,Regular
44297,5852,5,800.0,Regular
18804,2632,4,800.0,Regular
18824,2630,4,800.0,Regular
53537,4157,4,800.0,Regular
53711,3623,4,800.0,Regular
16259,4501,4,800.0,Regular
50531,5892,5,800.0,Regular
20916,3352,11,800.0,Regular
68205,738,4,800.0,Champion
55418,3093,2,800.0,Regular
55293,1517,2,800.0,High Potential
65764,2540,4,800.0,Regular
67137,2569,2,800.0,Regular
67087,3087,2,800.0,Regular
25578,1629,4,800.0,Champion
35730,6991,7,800.0,Regular
35724,5348,11,800.0,Regular
75934,1652,4,800.0,Champion
48736,2336,4,800.0,Champion
21106,3108,4,800.0,Regular
67639,3094,4,800.0,Regular
21093,1287,2,800.0,High Potential
13493,8811,2,800.0,Regular
48639,1287,2,800.0,High Potential
67160,2906,4,800.0,Regular
72666,1999,4,800.0,Champion
30079,1657,2,800.0,High Potential
30934,1517,7,800.0,Champion
31084,4436,9,800.0,Regular
35609,4157,12,800.0,Regular
75863,1159,2,800.0,High Potential
15902,3238,16,795.0,Regular
17094,1511,10,783.0,Champion
19081,2609,7,780.0,Regular
66934,2722,6,780.0,Regular
41764,5024,8,775.0,Regular
15381,5893,10,775.0,Regular
40544,1532,6,775.0,Champion
15177,5892,11,775.0,Regular
49556,5047,4,770.1,Regular
18014,6983,8,770.0,Regular
28124,3700,12,770.0,Regular
48208,6252,3,750.0,Regular
13553,8736,2,750.0,Regular
16947,6174,12,750.0,Regular
16499,4765,16,750.0,Regular
21614,1853,11,750.0,Champion
49407,5348,4,750.0,Regular
35807,8736,2,750.0,Regular
49351,1138,2,750.0,High Potential
13339,8091,4,750.0,Regular
44172,2997,5,750.0,Regular
33313,2600,1,750.0,Regular
68100,2246,4,750.0,Champion
23087,7662,5,750.0,Regular
41775,3697,7,750.0,Regular
17502,4417,3,750.0,Regular
61739,1510,4,750.0,Champion
18141,999,1,750.0,High Potential
17333,7349,5,750.0,Regular
18860,4858,8,750.0,Regular
43517,5501,2,750.0,Regular
64857,2603,1,750.0,Regular
44134,1517,2,750.0,High Potential
16238,3340,5,750.0,Regular
12567,8736,2,750.0,Regular
20520,8448,3,750.0,Regular
15129,5522,6,750.0,Regular
27499,5138,2,750.0,Regular
15674,8315,4,750.0,Regular
18576,7349,6,750.0,Regular
35413,6257,2,750.0,Regular
74626,994,1,750.0,High Potential
47937,6118,2,750.0,Regular
17643,3660,15,740.0,Regular
15567,3956,5,740.0,Regular
51089,2989,4,730.0,Regular
14960,5713,4,730.0,Regular
16116,1532,7,720.0,Champion
20530,3702,14,712.0,Regular
21587,2892,4,700.0,Regular
25738,4710,6,700.0,Regular
35962,6958,6,700.0,Regular
49468,2273,4,700.0,Champion
16084,6587,8,700.0,Regular
14699,5348,5,700.0,Regular
40151,4684,1,700.0,Regular
61229,4157,2,700.0,Regular
15236,1141,3,700.0,Loyal
27667,4998,3,700.0,Regular
14197,8012,4,700.0,Regular
64652,1198,4,700.0,Champion
14831,6830,5,700.0,Regular
13829,4799,5,700.0,Regular
51544,4290,4,700.0,Regular
25838,1517,7,700.0,Champion
18817,8086,4,700.0,Regular
24804,784,6,700.0,Champion
19705,2994,4,700.0,Regular
23415,6490,5,700.0,Regular
54335,994,2,700.0,High Potential
25880,1517,2,700.0,High Potential
48196,6619,3,700.0,Regular
51519,4684,1,700.0,Regular
12350,6630,6,700.0,Regular
67850,1510,4,700.0,Champion
15175,8166,4,700.0,Regular
17771,2611,3,700.0,Regular
28112,8667,3,700.0,Regular
18402,4792,3,700.0,Regular
17413,7286,7,700.0,Regular
15645,8450,4,700.0,Regular
27094,1517,4,700.0,Champion
12935,1506,6,700.0,Champion
43275,7679,2,700.0,Regular
23737,783,4,700.0,Champion
16206,3940,5,700.0,Regular
40541,4684,1,700.0,Regular
71991,1510,4,700.0,Champion
17169,3960,6,700.0,Regular
42834,1517,2,700.0,High Potential
18873,4625,4,700.0,Regular
40745,5873,6,700.0,Regular
40953,6983,8,700.0,Regular
23162,7286,6,700.0,Regular
14202,7939,8,700.0,Regular
12104,1159,9,685.0,Champion
22400,1517,5,680.0,Champion
39495,7113,1,660.0,Regular
16650,1517,4,650.0,Champion
35858,7113,4,650.0,Regular
13646,6819,3,650.0,Regular
18400,7715,4,650.0,Regular
55379,746,2,650.0,High Potential
26513,5167,7,650.0,Regular
51245,4535,3,650.0,Regular
24413,1517,3,650.0,Loyal
53945,5304,2,650.0,Regular
15386,8387,3,650.0,Regular
41043,5527,3,650.0,Regular
54152,4023,3,650.0,Regular
22922,2878,7,650.0,Regular
15507,5167,9,650.0,Regular
27469,8085,4,650.0,Regular
27231,6115,3,650.0,Regular
40598,6801,4,650.0,Regular
15147,6361,3,650.0,Regular
37661,5842,6,650.0,Regular
20452,6629,6,650.0,Regular
15076,5892,11,630.0,Regular
20523,6620,8,625.0,Regular
15261,4061,9,625.0,Regular
16962,3700,5,620.0,Regular
18189,4722,8,620.0,Regular
12093,1889,3,600.0,Loyal
15700,8434,3,600.0,Regular
77191,1289,1,600.0,Regular
47654,6801,4,600.0,Regular
47505,3296,3,600.0,Regular
44290,4290,3,600.0,Regular
56981,3921,3,600.0,Regular
57013,4290,3,600.0,Regular
57157,2273,3,600.0,Loyal
33026,4290,3,600.0,Regular
57284,3086,3,600.0,Regular
74334,1421,3,600.0,Loyal
75991,922,1,600.0,Regular
75831,1440,3,600.0,Loyal
75596,773,2,600.0,Regular
75571,1536,3,600.0,Loyal
75569,1536,3,600.0,Loyal
35722,4290,3,600.0,Regular
35698,7722,4,600.0,Regular
43979,7363,4,600.0,Regular
16831,7335,6,600.0,Regular
18504,3766,1,600.0,Regular
19610,4843,7,600.0,Regular
14179,8811,2,600.0,Regular
16535,4079,3,600.0,Regular
44121,4792,3,600.0,Regular
74838,1229,1,600.0,Regular
65735,3911,3,600.0,Regular
65898,3623,3,600.0,Regular
65961,3623,3,600.0,Regular
66076,3969,3,600.0,Regular
66171,2378,3,600.0,Loyal
15734,2989,3,600.0,Regular
28101,9157,2,600.0,Regular
12505,8446,3,600.0,Regular
16351,8650,3,600.0,Regular
64872,1517,3,600.0,Loyal
19530,2540,3,600.0,Regular
21503,1517,2,600.0,Regular
21490,4733,1,600.0,Regular
15730,5807,2,600.0,Regular
16764,8079,7,600.0,Regular
72707,1469,3,600.0,Loyal
39115,6819,6,600.0,Regular
15371,8422,3,600.0,Regular
58978,4079,3,600.0,Regular
64737,4157,1,600.0,Regular
64680,3577,1,600.0,Regular
64580,3766,3,600.0,Regular
50309,3969,3,600.0,Regular
49872,2280,6,600.0,Loyal
48652,2910,3,600.0,Regular
64489,4157,1,600.0,Regular
18255,8446,3,600.0,Regular
17632,8650,3,600.0,Regular
40348,6630,6,600.0,Regular
43932,4290,3,600.0,Regular
40277,8211,5,600.0,Regular
65083,3623,3,600.0,Regular
66592,2722,1,600.0,Regular
14381,5478,2,600.0,Regular
64375,2174,3,600.0,Loyal
22009,742,3,600.0,Loyal
21996,4157,1,600.0,Regular
67119,2724,3,600.0,Regular
66857,3080,1,600.0,Regular
66824,3420,1,600.0,Regular
66693,2339,3,600.0,Loyal
66600,1517,1,600.0,Regular
26270,5390,7,600.0,Regular
26120,6252,5,600.0,Regular
64184,3088,1,600.0,Regular
64020,994,2,600.0,Regular
14935,4157,3,600.0,Regular
16338,7181,6,600.0,Regular
67666,1627,3,600.0,Loyal
21403,7718,6,600.0,Regular
54110,4417,3,600.0,Regular
54548,2538,3,600.0,Regular
54336,1447,3,600.0,Loyal
54253,2386,3,600.0,Loyal
22816,4792,3,600.0,Regular
22675,2189,3,600.0,Loyal
42967,4157,3,600.0,Regular
67207,2995,1,600.0,Regular
67191,3098,3,600.0,Regular
63708,2265,3,600.0,Loyal
63531,2601,4,600.0,Regular
60153,3098,3,600.0,Regular
18214,3697,7,600.0,Regular
66593,3088,1,600.0,Regular
63316,4290,3,600.0,Regular
51587,3969,3,600.0,Regular
63513,3969,3,600.0,Regular
68061,3311,3,600.0,Regular
40643,6847,4,600.0,Regular
71145,2605,2,600.0,Regular
42624,7713,2,600.0,Regular
68005,919,1,600.0,Regular
71650,2540,3,600.0,Regular
71666,2724,3,600.0,Regular
71473,923,1,600.0,Regular
71516,2540,3,600.0,Regular
13114,8450,3,600.0,Regular
22546,1807,3,600.0,Loyal
60532,2630,3,600.0,Regular
40661,1545,3,600.0,Loyal
60285,3969,3,600.0,Regular
71269,2352,3,600.0,Loyal
67879,891,3,600.0,Loyal
40905,8330,3,600.0,Regular
42224,4426,2,600.0,Regular
27040,2540,3,600.0,Regular
26908,6174,4,600.0,Regular
67835,3248,3,600.0,Regular
62965,3766,3,600.0,Regular
24076,2892,3,600.0,Regular
22200,2905,3,600.0,Regular
19430,4290,3,600.0,Regular
62828,3623,3,600.0,Regular
62182,2210,3,600.0,Loyal
71131,2315,3,600.0,Loyal
71108,1177,3,600.0,Loyal
71045,1427,3,600.0,Loyal
70843,2903,3,600.0,Regular
70714,2730,3,600.0,Regular
62161,1210,1,600.0,Regular
68814,2352,3,600.0,Loyal
13259,4442,3,600.0,Regular
42208,1517,4,600.0,Loyal
41960,5348,3,600.0,Regular
41952,4290,3,600.0,Regular
41651,4290,3,600.0,Regular
61908,3623,3,600.0,Regular
61856,1504,3,600.0,Loyal
24055,3623,3,600.0,Regular
16187,3445,3,600.0,Regular
16137,5956,2,600.0,Regular
61207,2898,3,600.0,Regular
70627,2282,3,600.0,Loyal
69228,3093,1,600.0,Regular
33024,7957,6,600.0,Regular
78246,887,1,600.0,Regular
77838,806,3,600.0,Loyal
77468,879,3,600.0,Loyal
15622,7715,3,600.0,Regular
12327,8315,2,600.0,Regular
65647,4079,3,600.0,Regular
65339,2192,3,600.0,Loyal
35623,8086,3,600.0,Regular
75478,1097,3,600.0,Loyal
80076,903,1,600.0,Regular
18120,6377,6,600.0,Regular
23219,4079,3,600.0,Regular
23105,4157,3,600.0,Regular
15605,1166,18,585.0,Loyal
17107,3940,11,580.0,Regular
18105,4733,8,575.0,Regular
19790,1450,2,575.0,Regular
17928,2608,3,575.0,Regular
77248,1093,3,575.0,Loyal
15412,1541,10,565.0,Loyal
18707,2974,7,560.0,Regular
69225,1517,2,560.0,Regular
15058,6983,3,550.0,Regular
18531,7620,8,550.0,Regular
20782,6173,6,550.0,Regular
22283,6619,6,550.0,Regular
13378,8825,2,550.0,Regular
41035,5230,5,550.0,Regular
38640,6983,5,550.0,Regular
54485,777,3,550.0,Loyal
19718,4065,10,550.0,Regular
71952,994,2,550.0,Regular
17649,4793,2,550.0,Regular
23544,3711,6,550.0,Regular
64214,999,2,550.0,Regular
19245,1533,3,550.0,Loyal
40514,5034,7,550.0,Regular
13509,6559,5,550.0,Regular
16588,5157,7,550.0,Regular
16579,7260,5,550.0,Regular
18475,4792,12,550.0,Regular
15524,6490,2,550.0,Regular
25497,3330,3,550.0,Regular
21661,4625,4,550.0,Regular
15584,3331,7,550.0,Regular
16860,6958,5,550.0,Regular
30093,1138,2,550.0,Regular
15537,4064,10,550.0,Regular
56605,4775,3,550.0,Regular
20814,4936,12,540.0,Regular
40628,7944,3,530.0,Regular
66879,1510,5,525.0,Loyal
40525,7949,4,525.0,Regular
18175,7348,6,525.0,Regular
24491,6986,7,525.0,Regular
12137,8827,3,525.0,Regular
15269,6847,11,520.0,Regular
16809,1531,7,520.0,Loyal
48403,2248,1,505.0,Regular
31069,1517,1,500.0,Regular
12249,5298,1,500.0,Regular
79065,994,1,500.0,Regular
12194,7349,2,500.0,Regular
47868,5389,4,500.0,Regular
69265,1517,1,500.0,Regular
12342,5958,2,500.0,Regular
56823,5157,1,500.0,Regular
31992,6880,6,500.0,Regular
61341,1517,1,500.0,Regular
70464,1517,1,500.0,Regular
69287,1000,1,500.0,Regular
35660,4660,1,500.0,Regular
76100,1517,1,500.0,Regular
20155,6412,1,500.0,Regular
35688,8812,2,500.0,Regular
57333,784,1,500.0,Regular
68638,3760,1,500.0,Regular
68542,775,1,500.0,Regular
68323,1517,1,500.0,Regular
27139,6124,1,500.0,Regular
18369,7379,1,500.0,Regular
14973,5522,4,500.0,Regular
18801,3702,12,500.0,Regular
24195,8205,4,500.0,Regular
62490,994,1,500.0,Regular
62497,795,1,500.0,Regular
19466,999,3,500.0,Loyal
19268,3714,1,500.0,Regular
17424,995,1,500.0,Regular
41375,3977,1,500.0,Regular
69201,1517,1,500.0,Regular
53307,1517,1,500.0,Regular
27225,8104,1,500.0,Regular
13153,8288,1,500.0,Regular
13116,7342,4,500.0,Regular
41485,6255,5,500.0,Regular
17341,8288,1,500.0,Regular
41117,5765,4,500.0,Regular
17511,2874,9,500.0,Regular
27249,8260,5,500.0,Regular
18257,3340,1,500.0,Regular
13226,4436,4,500.0,Regular
42346,4430,1,500.0,Regular
41716,8411,2,500.0,Regular
42174,8079,2,500.0,Regular
42056,2591,1,500.0,Regular
68846,1517,1,500.0,Regular
42263,7335,7,500.0,Regular
23109,1517,2,500.0,Regular
30620,6446,5,500.0,Regular
76490,1517,1,500.0,Regular
38441,6986,1,500.0,Regular
42589,9108,1,500.0,Regular
13369,7356,2,500.0,Regular
63125,1510,3,500.0,Loyal
20056,8111,1,500.0,Regular
40625,5034,4,500.0,Regular
51090,2282,2,500.0,Regular
50746,6927,1,500.0,Regular
43197,7356,2,500.0,Regular
26171,7348,1,500.0,Regular
54749,6265,1,500.0,Regular
16199,5166,1,500.0,Regular
14755,6762,1,500.0,Regular
54577,1517,1,500.0,Regular
54559,1517,1,500.0,Regular
54162,1517,1,500.0,Regular
71410,1517,1,500.0,Regular
60838,1517,1,500.0,Regular
12992,8330,3,500.0,Regular
15336,897,1,500.0,Regular
13095,6446,5,500.0,Regular
27810,4684,1,500.0,Regular
15912,8131,3,500.0,Regular
42557,2615,1,500.0,Regular
42471,1517,4,500.0,Loyal
40794,7944,5,500.0,Regular
40810,9024,1,500.0,Regular
40897,1517,3,500.0,Loyal
42475,7585,4,500.0,Regular
16478,5163,3,500.0,Regular
43636,3330,1,500.0,Regular
43635,3682,1,500.0,Regular
17610,1517,1,500.0,Regular
40378,4641,2,500.0,Regular
23240,3346,5,500.0,Regular
23414,2273,4,500.0,Loyal
19024,1517,1,500.0,Regular
59742,775,1,500.0,Regular
54827,5160,5,500.0,Regular
72344,1517,1,500.0,Regular
15844,1874,5,500.0,Loyal
21997,1517,1,500.0,Regular
67083,1517,1,500.0,Regular
18556,6950,5,500.0,Regular
72173,1517,1,500.0,Regular
16196,8288,1,500.0,Regular
15416,7713,5,500.0,Regular
55395,4436,1,500.0,Regular
55442,5034,1,500.0,Regular
55225,4799,5,500.0,Regular
15894,2966,1,500.0,Regular
58506,2610,5,500.0,Regular
13890,7348,5,500.0,Regular
12777,9195,1,500.0,Regular
58912,5891,1,500.0,Regular
48840,6619,2,500.0,Regular
16939,8797,1,500.0,Regular
12652,4436,1,500.0,Regular
58347,775,1,500.0,Regular
16977,4793,4,500.0,Regular
19936,4722,1,500.0,Regular
28126,5759,1,500.0,Regular
58001,1517,1,500.0,Regular
66284,2576,2,500.0,Regular
64983,1517,1,500.0,Regular
65032,1517,1,500.0,Regular
65144,1517,1,500.0,Regular
48079,5024,2,500.0,Regular
74965,1870,1,500.0,Regular
16776,5164,3,500.0,Regular
25941,7356,4,500.0,Regular
75622,1848,1,500.0,Regular
20455,7718,6,500.0,Regular
43651,1517,1,500.0,Regular
43675,1517,1,500.0,Regular
21478,4722,1,500.0,Regular
65940,780,1,500.0,Regular
74591,803,1,500.0,Regular
17861,9175,1,500.0,Regular
74583,1517,1,500.0,Regular
75660,1861,1,500.0,Regular
35821,5548,1,500.0,Regular
16933,8454,1,500.0,Regular
19552,5530,5,500.0,Regular
16910,5164,9,500.0,Regular
14187,9182,1,500.0,Regular
47545,7294,1,500.0,Regular
18900,5528,3,500.0,Regular
57235,1517,1,500.0,Regular
77326,994,1,500.0,Regular
15688,9276,2,500.0,Regular
81096,798,1,500.0,Regular
12053,8111,3,500.0,Regular
16774,6983,8,480.0,Regular
13937,9048,4,480.0,Regular
19486,784,3,475.0,Loyal
19690,3575,3,475.0,Regular
65516,995,2,475.0,Regular
22116,6927,8,475.0,Regular
13206,4064,11,475.0,Regular
72346,1138,2,463.0,Regular
17156,6257,9,460.0,Regular
42640,2997,3,460.0,Regular
20415,3109,3,460.0,Regular
42848,5530,3,450.0,Regular
21938,6489,5,450.0,Regular
14175,8315,2,450.0,Regular
63787,994,2,450.0,Regular
50587,6115,2,450.0,Regular
25674,7840,3,450.0,Regular
52653,3336,2,450.0,Regular
17143,6986,5,450.0,Regular
18220,7260,4,450.0,Regular
27057,7713,4,450.0,Regular
17277,2974,5,450.0,Regular
17242,5891,2,450.0,Regular
12604,5164,8,450.0,Regular
41610,3623,4,450.0,Regular
18751,4733,6,450.0,Regular
22468,7348,3,450.0,Regular
15287,8450,3,450.0,Regular
71398,1517,2,450.0,Regular
54529,4426,3,450.0,Regular
37025,5390,4,450.0,Regular
18156,7718,2,450.0,Regular
40557,4429,6,450.0,Regular
40365,4442,3,450.0,Regular
19089,2976,5,450.0,Regular
23679,5167,3,450.0,Regular
72570,771,2,450.0,Regular
58545,2246,3,450.0,Loyal
43130,5158,10,450.0,Regular
15708,7379,3,450.0,Regular
76766,1453,2,450.0,Regular
18028,6983,5,450.0,Regular
50336,797,2,425.0,Regular
74600,1176,4,425.0,Loyal
14962,5159,6,425.0,Regular
15316,6927,13,405.0,Regular
17346,3351,5,405.0,Regular
43958,3452,2,400.0,Regular
25821,6983,4,400.0,Regular
74507,2295,2,400.0,Regular
65675,994,2,400.0,Regular
43709,4442,2,400.0,Regular
13666,9339,1,400.0,Regular
65752,3623,2,400.0,Regular
16728,6619,4,400.0,Regular
44220,4079,2,400.0,Regular
44159,3623,2,400.0,Regular
65047,3268,2,400.0,Regular
65041,3360,2,400.0,Regular
65034,4079,2,400.0,Regular
64996,4079,2,400.0,Regular
25441,2296,2,400.0,Regular
64831,2147,2,400.0,Regular
66408,3455,2,400.0,Regular
66299,2147,2,400.0,Regular
19506,2352,2,400.0,Regular
19474,2175,2,400.0,Regular
64608,1534,2,400.0,Regular
64553,4442,2,400.0,Regular
49758,3969,2,400.0,Regular
49334,4535,2,400.0,Regular
48765,6489,2,400.0,Regular
48663,2178,2,400.0,Regular
14523,7671,2,400.0,Regular
43520,4079,2,400.0,Regular
43537,2153,2,400.0,Regular
26834,9339,1,400.0,Regular
26690,3283,2,400.0,Regular
66570,3360,2,400.0,Regular
66419,2993,3,400.0,Regular
64275,3827,2,400.0,Regular
64260,4064,2,400.0,Regular
16267,3282,2,400.0,Regular
25037,4733,1,400.0,Regular
14638,7349,2,400.0,Regular
22061,5842,3,400.0,Regular
67167,3015,2,400.0,Regular
66909,1517,2,400.0,Regular
66818,2603,4,400.0,Regular
66802,3715,2,400.0,Regular
66727,3715,2,400.0,Regular
66654,3286,2,400.0,Regular
14554,8812,3,400.0,Regular
64144,3381,2,400.0,Regular
64131,3715,2,400.0,Regular
63950,4079,2,400.0,Regular
63869,3080,2,400.0,Regular
51563,2172,2,400.0,Regular
51070,1517,1,400.0,Regular
50903,4290,2,400.0,Regular
67612,2604,2,400.0,Regular
67399,1063,2,400.0,Regular
21210,7348,4,400.0,Regular
13460,8811,1,400.0,Regular
13454,7225,4,400.0,Regular
67174,2967,2,400.0,Regular
16290,6983,3,400.0,Regular
63830,4157,2,400.0,Regular
63827,2965,3,400.0,Regular
63707,4290,2,400.0,Regular
63614,3420,2,400.0,Regular
52770,1421,2,400.0,Regular
63202,2206,2,400.0,Regular
13342,5170,4,400.0,Regular
68091,2267,2,400.0,Regular
42633,8035,4,400.0,Regular
42413,4660,2,400.0,Regular
67688,2377,2,400.0,Regular
68611,3067,2,400.0,Regular
68385,2997,2,400.0,Regular
27200,6619,5,400.0,Regular
27141,7596,4,400.0,Regular
68125,2540,2,400.0,Regular
13414,9339,1,400.0,Regular
63089,2360,2,400.0,Regular
63004,4442,2,400.0,Regular
24260,4290,2,400.0,Regular
24146,4290,2,400.0,Regular
15091,4442,2,400.0,Regular
53613,2017,2,400.0,Regular
53506,4157,2,400.0,Regular
53317,1918,2,400.0,Regular
53224,3715,2,400.0,Regular
53179,4290,2,400.0,Regular
62142,2891,2,400.0,Regular
62138,4290,2,400.0,Regular
13237,8454,4,400.0,Regular
72632,1489,2,400.0,Regular
13197,9339,1,400.0,Regular
68806,1168,2,400.0,Regular
68791,2728,2,400.0,Regular
68763,2937,2,400.0,Regular
78497,1054,2,400.0,Regular
78336,1188,2,400.0,Regular
42399,6124,2,400.0,Regular
42272,8092,3,400.0,Regular
68946,1517,2,400.0,Regular
13281,1510,3,400.0,Loyal
56709,4426,2,400.0,Regular
41691,4426,2,400.0,Regular
56634,4535,2,400.0,Regular
62109,4290,2,400.0,Regular
61563,3623,2,400.0,Regular
61530,4426,2,400.0,Regular
12124,8762,4,400.0,Regular
23782,3100,2,400.0,Regular
61477,4157,2,400.0,Regular
15197,8111,2,400.0,Regular
61259,4442,2,400.0,Regular
70657,2170,2,400.0,Regular
70554,2539,2,400.0,Regular
69194,2273,2,400.0,Regular
12287,7585,4,400.0,Regular
69152,2714,2,400.0,Regular
27610,4290,2,400.0,Regular
17508,8093,4,400.0,Regular
12275,1134,2,400.0,Regular
60698,3969,2,400.0,Regular
60584,2540,2,400.0,Regular
77421,786,2,400.0,Regular
12399,8733,1,400.0,Regular
60236,4065,3,400.0,Regular
60224,4157,2,400.0,Regular
60163,4079,2,400.0,Regular
12391,9276,1,400.0,Regular
71306,2363,2,400.0,Regular
71279,1632,2,400.0,Regular
71232,1536,2,400.0,Regular
40898,6971,4,400.0,Regular
40638,7949,4,400.0,Regular
71168,2646,2,400.0,Regular
71154,2287,2,400.0,Regular
20030,3766,2,400.0,Regular
71966,1874,2,400.0,Regular
71956,2569,2,400.0,Regular
12877,9045,2,400.0,Regular
54661,5024,1,400.0,Regular
65655,4079,2,400.0,Regular
54399,2002,2,400.0,Regular
38506,6801,4,400.0,Regular
65447,1909,2,400.0,Regular
65405,917,2,400.0,Regular
77187,1160,2,400.0,Regular
17654,1517,4,400.0,Loyal
65273,3013,2,400.0,Regular
22649,4290,2,400.0,Regular
22581,1874,2,400.0,Regular
47978,4442,2,400.0,Regular
44426,5873,4,400.0,Regular
23548,4290,2,400.0,Regular
59971,4290,2,400.0,Regular
59484,4577,4,400.0,Regular
59249,4290,2,400.0,Regular
44377,6619,2,400.0,Regular
72531,2273,2,400.0,Regular
72394,1902,2,400.0,Regular
44362,4535,3,400.0,Regular
72270,1652,2,400.0,Regular
72195,1442,2,400.0,Regular
72167,2176,2,400.0,Regular
72087,2198,2,400.0,Regular
72047,1453,2,400.0,Regular
40267,2605,4,400.0,Regular
40266,2977,4,400.0,Regular
59230,3969,2,400.0,Regular
15414,7585,4,400.0,Regular
55057,2603,2,400.0,Regular
58603,3911,2,400.0,Regular
21733,2996,2,400.0,Regular
21684,1517,2,400.0,Regular
19937,8061,4,400.0,Regular
19661,2605,2,400.0,Regular
28199,1888,2,400.0,Regular
73872,2253,2,400.0,Regular
73778,2288,2,400.0,Regular
36127,8674,4,400.0,Regular
58308,3347,2,400.0,Regular
58302,4290,2,400.0,Regular
58275,3612,2,400.0,Regular
57947,4079,2,400.0,Regular
56344,1635,2,400.0,Regular
15809,8086,4,400.0,Regular
19582,7680,7,400.0,Regular
57462,3407,2,400.0,Regular
75076,794,2,400.0,Regular
75065,1840,2,400.0,Regular
74879,1442,2,400.0,Regular
74758,1656,2,400.0,Regular
74616,1517,2,400.0,Regular
48278,4290,2,400.0,Regular
77358,739,2,400.0,Regular
15660,8027,1,400.0,Regular
74254,2174,2,400.0,Regular
75765,1078,2,400.0,Regular
75170,1926,2,400.0,Regular
16483,2989,3,400.0,Regular
76655,797,2,400.0,Regular
20245,4436,3,400.0,Regular
30875,1517,1,400.0,Regular
30494,8821,1,400.0,Regular
44151,4079,2,400.0,Regular
33428,3248,2,400.0,Regular
76073,1239,2,400.0,Regular
57404,2654,2,400.0,Regular
18877,1170,2,400.0,Regular
57272,4061,4,400.0,Regular
65366,3969,2,400.0,Regular
18467,2603,6,395.0,Regular
20730,2254,9,395.0,Loyal
17934,4430,9,390.0,Regular
25114,2280,15,385.0,Loyal
43471,3940,2,380.0,Regular
79141,797,2,375.0,Regular
66414,1098,2,375.0,Regular
68175,2276,1,375.0,Regular
58421,1170,2,375.0,Regular
18578,7356,7,375.0,Regular
13416,8694,2,375.0,Regular
15830,4025,3,375.0,Regular
53707,2273,2,375.0,Regular
17517,1098,2,375.0,Regular
79405,994,3,371.0,Loyal
20526,4066,7,370.0,Regular
21957,8811,3,360.0,Regular
74000,1002,4,360.0,Loyal
12305,7195,2,350.0,Regular
47620,4290,2,350.0,Regular
35549,7932,3,350.0,Regular
21889,4442,3,350.0,Regular
13819,6983,2,350.0,Regular
63545,1517,2,350.0,Regular
41811,5754,5,350.0,Regular
47652,5892,6,350.0,Regular
22428,7334,7,350.0,Regular
17830,5863,7,350.0,Regular
17716,7718,5,350.0,Regular
35629,6462,2,350.0,Regular
35711,8694,1,350.0,Regular
12515,8026,3,350.0,Regular
42302,4775,1,350.0,Regular
67120,746,2,350.0,Regular
18864,1517,5,350.0,Loyal
19984,6206,4,350.0,Regular
18675,995,2,350.0,Regular
21607,6958,2,350.0,Regular
27980,1517,1,350.0,Regular
12821,8736,1,350.0,Regular
20102,6619,3,350.0,Regular
71380,798,2,350.0,Regular
40647,8674,3,350.0,Regular
40869,6830,3,350.0,Regular
15593,5873,7,350.0,Regular
40985,7266,4,350.0,Regular
26445,6983,3,350.0,Regular
27342,782,4,350.0,Loyal
27603,6880,2,350.0,Regular
54792,778,2,350.0,Regular
62104,1154,2,350.0,Regular
12254,9066,2,350.0,Regular
67260,798,2,350.0,Regular
60154,799,2,350.0,Regular
17533,6991,2,350.0,Regular
51650,6619,2,350.0,Regular
70652,774,2,350.0,Regular
42134,8453,2,350.0,Regular
23008,3344,6,350.0,Regular
22990,8083,3,350.0,Regular
22973,7273,3,350.0,Regular
18770,2931,13,345.0,Regular
47650,5765,6,345.0,Regular
20745,4792,10,340.0,Regular
67210,1512,3,330.0,Loyal
48676,3697,2,330.0,Regular
18883,2960,6,330.0,Regular
36670,7797,3,325.0,Regular
17724,3346,4,325.0,Regular
19710,8387,4,325.0,Regular
16218,5892,4,325.0,Regular
56520,896,3,320.0,Loyal
20370,2462,3,310.0,Regular
16241,7348,7,310.0,Regular
21496,1874,7,308.0,Loyal
21762,7356,3,300.0,Regular
43721,6983,3,300.0,Regular
31497,8336,6,300.0,Regular
41170,1517,2,300.0,Regular
13033,7585,4,300.0,Regular
70594,994,2,300.0,Regular
17433,8446,3,300.0,Regular
18154,6258,3,300.0,Regular
48386,4866,3,300.0,Regular
20143,5906,3,300.0,Regular
22433,7348,3,300.0,Regular
18122,8446,3,300.0,Regular
22414,5524,11,300.0,Regular
60963,4432,2,300.0,Regular
48533,6027,2,300.0,Regular
27620,5765,3,300.0,Regular
40989,8454,3,300.0,Regular
18754,4792,17,300.0,Regular
26016,8653,3,300.0,Regular
20105,3319,2,300.0,Regular
18874,4792,8,300.0,Regular
18736,7348,3,300.0,Regular
36933,7349,3,300.0,Regular
12731,1517,3,300.0,Loyal
20700,4775,3,300.0,Regular
19787,6068,2,300.0,Regular
37176,8418,3,300.0,Regular
15826,7348,4,300.0,Regular
65796,2947,2,300.0,Regular
37164,8093,3,300.0,Regular
37101,1825,2,300.0,Regular
28103,8666,2,300.0,Regular
15179,3343,9,300.0,Regular
28064,5318,2,300.0,Regular
73779,784,2,300.0,Regular
53573,5522,3,300.0,Regular
20426,1517,2,300.0,Regular
53543,5034,3,300.0,Regular
12535,1517,2,300.0,Regular
17904,8383,3,300.0,Regular
75623,775,2,300.0,Regular
14571,6619,2,300.0,Regular
25809,9062,3,300.0,Regular
75613,1517,1,300.0,Regular
25804,8446,3,300.0,Regular
14923,8810,2,300.0,Regular
15485,8247,6,300.0,Regular
35563,7348,3,300.0,Regular
58162,4767,3,300.0,Regular
35561,8079,6,300.0,Regular
33845,4985,6,300.0,Regular
33131,7939,3,300.0,Regular
79664,776,1,300.0,Regular
77433,1107,2,300.0,Regular
12363,8446,3,300.0,Regular
51553,5460,2,300.0,Regular
12352,8446,3,300.0,Regular
59205,1869,2,300.0,Regular
62576,1517,1,300.0,Regular
58546,1510,2,300.0,Regular
13973,8092,3,300.0,Regular
55033,5034,1,300.0,Regular
15868,2938,2,300.0,Regular
23687,6628,4,300.0,Regular
53047,5157,3,300.0,Regular
51950,6619,2,300.0,Regular
54588,4641,2,300.0,Regular
14278,4290,2,300.0,Regular
51644,5103,5,300.0,Regular
16887,7356,4,300.0,Regular
16479,6257,3,300.0,Regular
15241,8447,3,300.0,Regular
60211,3969,2,300.0,Regular
53940,2724,2,300.0,Regular
43645,2283,1,300.0,Regular
26586,7349,3,300.0,Regular
26553,7356,3,300.0,Regular
17781,5892,3,300.0,Regular
43393,5086,3,300.0,Regular
43128,7329,4,300.0,Regular
67396,994,1,300.0,Regular
21407,4535,2,300.0,Regular
19726,8446,3,300.0,Regular
17308,6147,1,300.0,Regular
17301,5157,6,300.0,Regular
17300,4795,11,300.0,Regular
42281,4655,3,300.0,Regular
41617,8301,2,300.0,Regular
68701,1510,2,300.0,Regular
17246,4520,2,300.0,Regular
17219,3702,2,300.0,Regular
28164,7567,2,295.44,Regular
17130,6651,8,290.0,Regular
15190,6629,8,285.0,Regular
13604,3319,2,280.0,Regular
18532,6571,5,280.0,Regular
17841,8275,5,275.0,Regular
72082,995,2,275.0,Regular
30374,994,2,275.0,Regular
53792,798,2,275.0,Regular
36701,5754,3,275.0,Regular
69015,1154,2,275.0,Regular
16965,4795,9,275.0,Regular
23486,2237,11,269.0,Loyal
25901,8205,2,261.8,Regular
13606,6630,2,260.0,Regular
65182,1517,2,260.0,Regular
12195,7113,2,250.0,At Risk / Lapsed
61348,1517,1,250.0,Regular
14695,6091,2,250.0,At Risk / Lapsed
25459,1517,1,250.0,Regular
19635,1533,1,250.0,Regular
22419,4554,3,250.0,Regular
43885,4065,1,250.0,Regular
66104,3346,1,250.0,Regular
18889,2966,4,250.0,Regular
52392,6986,1,250.0,At Risk / Lapsed
25982,6629,1,250.0,At Risk / Lapsed
23898,4722,1,250.0,At Risk / Lapsed
15618,6234,3,250.0,Regular
25961,6592,2,250.0,At Risk / Lapsed
22002,1517,1,250.0,Regular
15207,7349,6,250.0,Regular
15162,1824,1,250.0,Regular
15617,4065,2,250.0,Regular
53418,6958,1,250.0,At Risk / Lapsed
25827,8637,3,250.0,Regular
57827,4795,3,250.0,Regular
53157,4660,1,250.0,At Risk / Lapsed
16618,784,1,250.0,Regular
65687,3354,2,250.0,Regular
15083,1219,3,250.0,Loyal
48029,7286,1,250.0,At Risk / Lapsed
14166,1517,3,250.0,Loyal
20757,4795,5,250.0,Regular
51647,5765,1,250.0,At Risk / Lapsed
41818,6880,1,250.0,At Risk / Lapsed
41225,6115,5,250.0,Regular
44272,6983,1,250.0,At Risk / Lapsed
17549,2941,1,250.0,Regular
13078,7957,3,250.0,Regular
22600,6983,1,250.0,At Risk / Lapsed
13632,8446,1,250.0,At Risk / Lapsed
41233,7974,3,250.0,Regular
22790,1517,1,250.0,Regular
50051,5759,2,250.0,At Risk / Lapsed
21464,4733,1,250.0,At Risk / Lapsed
43385,7585,2,250.0,At Risk / Lapsed
21521,4733,2,250.0,At Risk / Lapsed
19248,8404,1,250.0,At Risk / Lapsed
22212,7273,10,250.0,Regular
40949,6950,1,250.0,At Risk / Lapsed
65015,2980,2,250.0,Regular
40672,8765,1,250.0,At Risk / Lapsed
40666,774,1,250.0,Regular
22234,8435,1,250.0,At Risk / Lapsed
27953,7319,4,250.0,Regular
27805,1517,2,250.0,Regular
14598,6983,3,250.0,Regular
71298,1517,1,250.0,Regular
42569,6081,1,250.0,At Risk / Lapsed
65019,783,1,250.0,Regular
71849,789,1,250.0,Regular
12969,7963,2,250.0,At Risk / Lapsed
27982,3361,1,250.0,Regular
24245,8447,1,250.0,At Risk / Lapsed
40460,7993,1,250.0,At Risk / Lapsed
12745,775,1,250.0,Regular
43358,4403,1,250.0,Regular
24328,1517,1,250.0,Regular
17171,6619,1,250.0,At Risk / Lapsed
19825,7349,4,250.0,Regular
43225,8807,1,250.0,At Risk / Lapsed
37926,4393,1,250.0,Regular
54175,4760,2,250.0,At Risk / Lapsed
17186,2974,3,250.0,Regular
60268,999,3,250.0,Loyal
43167,6830,1,250.0,At Risk / Lapsed
17315,8057,1,250.0,At Risk / Lapsed
24455,6801,3,250.0,Regular
18839,8092,1,250.0,At Risk / Lapsed
60742,1512,2,250.0,Regular
41647,5370,1,250.0,At Risk / Lapsed
53701,5024,2,250.0,At Risk / Lapsed
16366,6571,5,250.0,Regular
17768,7294,1,250.0,At Risk / Lapsed
36388,5765,3,250.0,Regular
36121,6115,1,250.0,At Risk / Lapsed
15883,7294,1,250.0,At Risk / Lapsed
62252,1517,1,250.0,Regular
55294,4024,2,250.0,Regular
35569,8330,2,250.0,At Risk / Lapsed
43823,4442,2,250.0,Regular
62468,4061,1,250.0,Regular
75926,995,1,250.0,Regular
75661,1517,1,250.0,Regular
41568,3696,1,250.0,Regular
13220,9178,1,250.0,At Risk / Lapsed
16258,6264,1,250.0,At Risk / Lapsed
35916,5738,2,250.0,At Risk / Lapsed
13173,9175,1,250.0,At Risk / Lapsed
68818,1517,1,250.0,Regular
58922,4442,2,250.0,Regular
18067,7349,2,250.0,At Risk / Lapsed
18013,6620,2,250.0,At Risk / Lapsed
42928,6990,3,250.0,Regular
53893,1517,1,250.0,Regular
62863,1517,1,250.0,Regular
79630,793,1,250.0,Regular
76269,1517,1,250.0,Regular
76902,1517,1,250.0,Regular
12169,4436,1,250.0,Regular
78507,771,2,250.0,Regular
22823,6256,5,250.0,Regular
12247,7386,2,250.0,At Risk / Lapsed
13260,3364,1,250.0,Regular
60110,2976,2,250.0,Regular
21025,6830,1,250.0,At Risk / Lapsed
70674,2696,4,240.0,Regular
19066,6385,2,230.0,At Risk / Lapsed
13169,1154,3,230.0,Loyal
42467,7349,5,230.0,Regular
27883,1517,4,230.0,Loyal
40730,2724,2,210.0,Regular
40934,6490,4,210.0,Regular
20514,6983,7,210.0,Regular
61728,1517,3,210.0,Loyal
16673,6592,9,210.0,Regular
15482,2283,5,205.0,Loyal
67424,2353,2,201.0,Regular
44365,6272,2,200.14,At Risk / Lapsed
50704,1517,1,200.0,Regular
50608,4866,1,200.0,At Risk / Lapsed
50542,6958,2,200.0,At Risk / Lapsed
14767,6958,2,200.0,At Risk / Lapsed
63842,3100,1,200.0,Regular
63697,4290,1,200.0,Regular
63607,3715,1,200.0,Regular
63409,1517,1,200.0,Regular
63398,784,3,200.0,Loyal
52600,5578,2,200.0,At Risk / Lapsed
52520,4535,1,200.0,At Risk / Lapsed
52395,3109,1,200.0,Regular
52153,4442,1,200.0,Regular
22047,8982,1,200.0,At Risk / Lapsed
22000,1464,1,200.0,Regular
21981,2317,1,200.0,Regular
14539,8446,2,200.0,At Risk / Lapsed
64126,3434,1,200.0,Regular
63945,2255,1,200.0,Regular
14851,8818,2,200.0,At Risk / Lapsed
14794,8667,2,200.0,At Risk / Lapsed
14770,5390,2,200.0,At Risk / Lapsed
51568,4535,1,200.0,At Risk / Lapsed
51248,4535,1,200.0,At Risk / Lapsed
16269,5157,2,200.0,At Risk / Lapsed
25128,7379,1,200.0,At Risk / Lapsed
25035,7356,2,200.0,At Risk / Lapsed
24996,6619,2,200.0,At Risk / Lapsed
18658,6620,5,200.0,Regular
14684,5765,2,200.0,At Risk / Lapsed
22106,4535,1,200.0,At Risk / Lapsed
22074,2734,1,200.0,Regular
16210,5754,1,200.0,At Risk / Lapsed
49775,3697,1,200.0,Regular
48675,4290,1,200.0,Regular
64547,4157,1,200.0,Regular
14484,9066,1,200.0,At Risk / Lapsed
14457,8674,2,200.0,At Risk / Lapsed
14403,8057,1,200.0,At Risk / Lapsed
64483,4442,1,200.0,Regular
64469,4157,1,200.0,Regular
64342,4157,1,200.0,Regular
64289,4535,1,200.0,At Risk / Lapsed
25535,3088,1,200.0,Regular
25437,2716,1,200.0,Regular
25424,7195,1,200.0,At Risk / Lapsed
25167,4684,2,200.0,At Risk / Lapsed
48486,2967,2,200.0,Regular
48469,2532,1,200.0,Regular
64991,3420,1,200.0,Regular
64973,3766,1,200.0,Regular
64955,4079,1,200.0,Regular
64852,3715,1,200.0,Regular
64800,3451,1,200.0,Regular
64751,4157,1,200.0,Regular
64552,1517,1,200.0,Regular
64550,4079,1,200.0,Regular
16571,2965,2,200.0,Regular
14087,9052,2,200.0,At Risk / Lapsed
65070,4079,1,200.0,Regular
65055,1899,1,200.0,Regular
16359,7349,1,200.0,At Risk / Lapsed
25658,7939,3,200.0,Regular
25552,8035,4,200.0,Regular
47500,4535,1,200.0,At Risk / Lapsed
44246,6122,2,200.0,At Risk / Lapsed
21919,8092,3,200.0,Regular
21749,3455,1,200.0,Regular
21739,6258,1,200.0,At Risk / Lapsed
14184,8205,2,200.0,At Risk / Lapsed
48359,2745,1,200.0,Regular
48310,4079,1,200.0,Regular
48269,4442,1,200.0,Regular
16675,6628,1,200.0,At Risk / Lapsed
65662,2490,1,200.0,Regular
65512,3533,1,200.0,Regular
65434,3715,1,200.0,Regular
14307,6474,2,200.0,At Risk / Lapsed
14223,7957,1,200.0,At Risk / Lapsed
43678,4535,1,200.0,At Risk / Lapsed
13695,9059,2,200.0,At Risk / Lapsed
65996,4079,1,200.0,Regular
65993,3623,1,200.0,Regular
65750,3318,1,200.0,Regular
16763,3623,1,200.0,Regular
16894,977,1,200.0,Regular
44064,3088,1,200.0,Regular
43957,1517,1,200.0,Regular
66379,3102,1,200.0,Regular
66318,1512,4,200.0,Loyal
13955,7840,2,200.0,At Risk / Lapsed
13927,8301,2,200.0,At Risk / Lapsed
19540,2380,1,200.0,Regular
21643,7922,1,200.0,At Risk / Lapsed
17019,8827,2,200.0,At Risk / Lapsed
17012,8092,2,200.0,At Risk / Lapsed
16980,4290,1,200.0,Regular
16974,7348,3,200.0,Regular
79000,896,1,200.0,Regular
79930,783,1,200.0,Regular
56611,4442,1,200.0,Regular
26798,6126,1,200.0,At Risk / Lapsed
26705,1527,1,200.0,Regular
26627,4157,1,200.0,Regular
78427,1517,1,200.0,Regular
78420,833,1,200.0,Regular
77917,865,1,200.0,Regular
26419,8747,1,200.0,At Risk / Lapsed
66510,3107,1,200.0,Regular
66486,3623,1,200.0,Regular
66479,3969,1,200.0,Regular
66465,3766,1,200.0,Regular
66455,3623,1,200.0,Regular
77434,1517,1,200.0,Regular
66380,2903,1,200.0,Regular
67173,3634,1,200.0,Regular
67132,1657,1,200.0,Regular
76716,1635,1,200.0,Regular
66844,3623,1,200.0,Regular
66840,3451,1,200.0,Regular
66804,3766,1,200.0,Regular
66607,2352,1,200.0,Regular
66598,3969,1,200.0,Regular
43518,5887,1,200.0,At Risk / Lapsed
76586,1517,1,200.0,Regular
43434,4429,1,200.0,Regular
20277,4824,3,200.0,Regular
20274,1517,1,200.0,Regular
80240,788,1,200.0,Regular
43248,7578,2,200.0,At Risk / Lapsed
80224,876,1,200.0,Regular
17020,8091,1,200.0,At Risk / Lapsed
80111,793,1,200.0,Regular
43175,1517,1,200.0,Regular
80077,797,1,200.0,Regular
57624,4442,1,200.0,Regular
43089,7713,1,200.0,At Risk / Lapsed
43078,5130,1,200.0,At Risk / Lapsed
43067,999,2,200.0,Regular
57543,4290,1,200.0,Regular
42818,3969,1,200.0,Regular
42815,3766,1,200.0,Regular
57367,1517,1,200.0,Regular
67357,3766,1,200.0,Regular
57287,4535,1,200.0,At Risk / Lapsed
67221,3067,1,200.0,Regular
23225,7379,1,200.0,At Risk / Lapsed
23145,1993,1,200.0,Regular
13656,7963,2,200.0,At Risk / Lapsed
23091,1982,1,200.0,Regular
57187,4535,1,200.0,At Risk / Lapsed
57171,2360,1,200.0,Regular
21439,4669,1,200.0,At Risk / Lapsed
57101,4157,1,200.0,Regular
21320,6417,2,200.0,At Risk / Lapsed
21100,8091,4,200.0,Regular
19757,8736,2,200.0,At Risk / Lapsed
19746,1517,1,200.0,Regular
19739,1517,1,200.0,Regular
57072,4535,1,200.0,At Risk / Lapsed
56614,4535,1,200.0,At Risk / Lapsed
13571,7565,2,200.0,At Risk / Lapsed
17058,1510,1,200.0,Regular
42798,5348,1,200.0,At Risk / Lapsed
42628,1509,2,200.0,Regular
42598,4535,1,200.0,At Risk / Lapsed
42573,4442,1,200.0,Regular
15735,7336,1,200.0,At Risk / Lapsed
42561,9135,1,200.0,At Risk / Lapsed
42491,4442,1,200.0,Regular
15716,3766,1,200.0,Regular
68004,3275,1,200.0,Regular
67900,2927,1,200.0,Regular
67800,1517,1,200.0,Regular
67799,2360,1,200.0,Regular
67791,3098,1,200.0,Regular
67615,3001,1,200.0,Regular
67506,2722,1,200.0,Regular
67426,3623,1,200.0,Regular
56180,5390,1,200.0,At Risk / Lapsed
56079,5034,2,200.0,At Risk / Lapsed
56028,1517,2,200.0,Regular
27168,9164,2,200.0,At Risk / Lapsed
27087,1288,1,200.0,Regular
27047,4064,12,200.0,Regular
27031,3445,1,200.0,Regular
18308,5958,2,200.0,At Risk / Lapsed
68268,3452,1,200.0,Regular
55738,1138,1,200.0,Regular
68119,2539,1,200.0,Regular
55691,1090,1,200.0,Regular
13403,2561,2,200.0,Regular
13387,4417,1,200.0,Regular
68020,2920,1,200.0,Regular
68016,1517,1,200.0,Regular
57856,2226,1,200.0,Regular
42322,7348,1,200.0,At Risk / Lapsed
15612,3400,1,200.0,Regular
15558,4442,1,200.0,Regular
68685,3445,1,200.0,Regular
68617,2724,1,200.0,Regular
68597,2342,1,200.0,Regular
68589,1902,1,200.0,Regular
68580,1622,1,200.0,Regular
68545,2995,1,200.0,Regular
68520,3388,1,200.0,Regular
68349,1264,1,200.0,Regular
68334,2372,1,200.0,Regular
68325,3420,1,200.0,Regular
68322,2379,1,200.0,Regular
15542,7840,2,200.0,At Risk / Lapsed
57718,5086,2,200.0,At Risk / Lapsed
58516,1517,1,200.0,Regular
58386,1517,1,200.0,Regular
58364,4079,1,200.0,Regular
58261,3969,1,200.0,Regular
58235,4520,1,200.0,At Risk / Lapsed
68845,3088,1,200.0,Regular
68822,994,1,200.0,Regular
58181,4535,1,200.0,At Risk / Lapsed
68771,2996,1,200.0,Regular
68738,2330,1,200.0,Regular
15531,3346,1,200.0,Regular
18302,3697,1,200.0,Regular
58120,4064,1,200.0,Regular
57899,994,1,200.0,Regular
17203,7693,4,200.0,Regular
69000,1898,1,200.0,Regular
68986,3109,1,200.0,Regular
68874,2965,2,200.0,Regular
68862,3107,1,200.0,Regular
57868,1288,1,200.0,Regular
56276,3420,1,200.0,Regular
21062,6417,2,200.0,At Risk / Lapsed
23032,1517,1,200.0,Regular
20993,3969,1,200.0,Regular
20930,5138,2,200.0,At Risk / Lapsed
20865,6532,1,200.0,At Risk / Lapsed
20852,9010,1,200.0,At Risk / Lapsed
23026,3361,1,200.0,Regular
22929,7578,1,200.0,At Risk / Lapsed
22847,8807,1,200.0,At Risk / Lapsed
22836,8653,2,200.0,At Risk / Lapsed
59103,3015,1,200.0,Regular
41208,7349,2,200.0,At Risk / Lapsed
58885,4442,1,200.0,Regular
41097,7294,1,200.0,At Risk / Lapsed
41040,8821,2,200.0,At Risk / Lapsed
58762,784,1,200.0,Regular
69147,3004,1,200.0,Regular
69139,2541,1,200.0,Regular
69108,809,1,200.0,Regular
69081,3022,1,200.0,Regular
69043,2723,1,200.0,Regular
69030,1194,1,200.0,Regular
58547,1517,1,200.0,Regular
69007,2888,1,200.0,Regular
69006,3093,1,200.0,Regular
69004,3311,1,200.0,Regular
13091,8092,2,200.0,At Risk / Lapsed
59252,3102,1,200.0,Regular
55674,2352,1,200.0,Regular
55585,4535,1,200.0,At Risk / Lapsed
70658,1517,1,200.0,Regular
55386,4426,2,200.0,Regular
55105,1517,1,200.0,Regular
70507,866,1,200.0,Regular
70496,2644,1,200.0,Regular
69257,1006,2,200.0,Regular
69165,2748,1,200.0,Regular
17437,4157,1,200.0,Regular
55083,3452,1,200.0,Regular
17322,8288,5,200.0,Regular
41343,4442,1,200.0,Regular
15871,4535,1,200.0,At Risk / Lapsed
70768,2545,1,200.0,Regular
23080,3360,1,200.0,Regular
23058,904,1,200.0,Regular
23657,2629,1,200.0,Regular
18131,6257,2,200.0,At Risk / Lapsed
23652,3766,1,200.0,Regular
23644,5807,1,200.0,At Risk / Lapsed
23477,8247,3,200.0,Regular
15865,4985,1,200.0,At Risk / Lapsed
54939,4442,1,200.0,Regular
54793,1517,1,200.0,Regular
70711,2374,1,200.0,Regular
70708,994,1,200.0,Regular
59957,795,1,200.0,Regular
13128,4792,1,200.0,At Risk / Lapsed
13109,6990,3,200.0,Regular
59746,4290,1,200.0,Regular
59667,2540,1,200.0,Regular
59480,4157,1,200.0,Regular
59455,4442,1,200.0,Regular
59384,3367,1,200.0,Regular
59294,2937,1,200.0,Regular
40665,8044,2,200.0,At Risk / Lapsed
16207,1517,2,200.0,Regular
71048,775,1,200.0,Regular
71030,1517,1,200.0,Regular
70964,2374,1,200.0,Regular
70940,2877,1,200.0,Regular
70925,2370,1,200.0,Regular
70922,2566,1,200.0,Regular
70899,904,1,200.0,Regular
70822,2920,1,200.0,Regular
54679,4157,1,200.0,Regular
27929,4535,1,200.0,At Risk / Lapsed
27903,8330,2,200.0,At Risk / Lapsed
54653,3452,1,200.0,Regular
27872,4157,1,200.0,Regular
27833,4064,12,200.0,Regular
54574,4432,1,200.0,Regular
27714,9024,1,200.0,At Risk / Lapsed
12819,8083,1,200.0,At Risk / Lapsed
71608,2716,1,200.0,Regular
54435,4535,1,200.0,At Risk / Lapsed
71327,2749,1,200.0,Regular
71317,1517,1,200.0,Regular
71315,2654,1,200.0,Regular
22614,1043,1,200.0,Regular
71245,2899,1,200.0,Regular
19034,7348,2,200.0,At Risk / Lapsed
60111,3343,2,200.0,Regular
20099,2611,2,200.0,Regular
20011,8012,2,200.0,At Risk / Lapsed
71997,2295,1,200.0,Regular
71899,2722,1,200.0,Regular
60108,3459,1,200.0,Regular
71670,1517,1,200.0,Regular
71640,2724,1,200.0,Regular
12980,8667,1,200.0,At Risk / Lapsed
60743,1139,1,200.0,Regular
12846,8191,2,200.0,At Risk / Lapsed
60704,2540,1,200.0,Regular
40619,8288,2,200.0,At Risk / Lapsed
16077,9195,1,200.0,At Risk / Lapsed
16038,9010,1,200.0,At Risk / Lapsed
15944,4157,1,200.0,Regular
40563,4079,1,200.0,Regular
40559,774,1,200.0,Regular
54125,4535,1,200.0,At Risk / Lapsed
40457,4157,1,200.0,Regular
17597,6619,3,200.0,Regular
54122,4290,1,200.0,Regular
53854,6101,1,200.0,At Risk / Lapsed
12678,9339,1,200.0,At Risk / Lapsed
53809,5034,1,200.0,At Risk / Lapsed
61403,4442,1,200.0,Regular
19843,8448,1,200.0,At Risk / Lapsed
19842,9182,1,200.0,At Risk / Lapsed
19839,4023,1,200.0,Regular
61187,994,1,200.0,Regular
61151,3969,1,200.0,Regular
72638,1636,1,200.0,Regular
72626,1464,1,200.0,Regular
72522,1913,1,200.0,Regular
72452,1642,1,200.0,Regular
72284,2259,1,200.0,Regular
72262,2720,1,200.0,Regular
72200,798,1,200.0,Regular
61088,798,1,200.0,Regular
72039,823,1,200.0,Regular
37994,4065,1,200.0,Regular
37973,5103,1,200.0,At Risk / Lapsed
18992,5530,4,200.0,Regular
18988,7356,1,200.0,At Risk / Lapsed
22571,1517,1,200.0,Regular
37102,6726,1,200.0,At Risk / Lapsed
22557,4157,1,200.0,Regular
17735,6068,2,200.0,At Risk / Lapsed
18003,7648,1,200.0,At Risk / Lapsed
60887,2364,1,200.0,Regular
30356,2597,1,200.0,Regular
30059,7722,5,200.0,Regular
60827,4157,1,200.0,Regular
18792,8968,1,200.0,At Risk / Lapsed
18744,4442,1,200.0,Regular
27983,5163,2,200.0,At Risk / Lapsed
73926,2384,1,200.0,Regular
73859,2386,1,200.0,Regular
73831,1517,1,200.0,Regular
24052,1518,1,200.0,Regular
72746,1629,1,200.0,Regular
72740,2378,1,200.0,Regular
72708,1517,1,200.0,Regular
24010,1517,1,200.0,Regular
73969,1517,1,200.0,Regular
12638,4733,2,200.0,At Risk / Lapsed
16110,6991,2,200.0,At Risk / Lapsed
15212,4794,1,200.0,At Risk / Lapsed
61422,3112,1,200.0,Regular
20461,4535,1,200.0,At Risk / Lapsed
53310,5024,1,200.0,At Risk / Lapsed
20396,2723,1,200.0,Regular
53301,5765,2,200.0,At Risk / Lapsed
53299,5545,2,200.0,At Risk / Lapsed
12439,8779,1,200.0,At Risk / Lapsed
73950,1517,1,200.0,Regular
36809,5759,2,200.0,At Risk / Lapsed
53259,4290,1,200.0,Regular
62137,4429,1,200.0,Regular
62103,4792,1,200.0,At Risk / Lapsed
36191,9056,2,200.0,At Risk / Lapsed
62053,2490,1,200.0,Regular
36048,8083,1,200.0,At Risk / Lapsed
61927,2295,1,200.0,Regular
61690,4442,1,200.0,Regular
17888,7427,1,200.0,At Risk / Lapsed
17848,1510,1,200.0,Regular
61651,3969,1,200.0,Regular
74519,1517,1,200.0,Regular
74456,1929,1,200.0,Regular
74318,2386,1,200.0,Regular
74310,1517,1,200.0,Regular
74268,792,1,200.0,Regular
74229,1517,1,200.0,Regular
74037,830,1,200.0,Regular
35734,8315,2,200.0,At Risk / Lapsed
15074,8811,2,200.0,At Risk / Lapsed
35645,7840,2,200.0,At Risk / Lapsed
35635,7585,3,200.0,Regular
62862,4157,1,200.0,Regular
35604,8086,3,200.0,Regular
62814,4535,1,200.0,At Risk / Lapsed
75150,1898,1,200.0,Regular
74971,804,1,200.0,Regular
74939,1517,1,200.0,Regular
74833,995,2,200.0,Regular
74643,2359,1,200.0,Regular
62646,1282,1,200.0,Regular
62510,4442,1,200.0,Regular
62441,4290,1,200.0,Regular
62434,4535,1,200.0,At Risk / Lapsed
76253,1467,1,200.0,Regular
76121,1457,1,200.0,Regular
76081,1926,1,200.0,Regular
76011,1517,1,200.0,Regular
75987,1517,1,200.0,Regular
62302,4157,1,200.0,Regular
75782,805,1,200.0,Regular
75683,1444,1,200.0,Regular
62274,4157,1,200.0,Regular
62268,2724,1,200.0,Regular
53092,4079,1,200.0,Regular
75562,1905,1,200.0,Regular
75479,1517,1,200.0,Regular
53007,6167,2,200.0,At Risk / Lapsed
52971,4429,1,200.0,Regular
35758,5754,2,200.0,At Risk / Lapsed
24395,6252,2,200.0,At Risk / Lapsed
24120,8446,2,200.0,At Risk / Lapsed
24103,3969,1,200.0,Regular
52771,3420,1,200.0,Regular
22230,8166,4,200.0,Regular
22158,5158,1,200.0,At Risk / Lapsed
19452,4290,1,200.0,Regular
33127,9066,1,200.0,At Risk / Lapsed
51984,7294,1,200.0,At Risk / Lapsed
51740,4652,2,200.0,At Risk / Lapsed
76528,1517,1,200.0,Regular
76520,1594,1,200.0,Regular
76366,822,1,200.0,Regular
76324,1107,1,200.0,Regular
51736,3623,1,200.0,Regular
76258,1198,1,200.0,Regular
31085,6924,1,200.0,At Risk / Lapsed
12085,8085,1,200.0,At Risk / Lapsed
77347,1450,1,200.0,Regular
77325,1442,1,200.0,Regular
77241,1261,1,200.0,Regular
77209,1654,1,200.0,Regular
77205,1264,1,200.0,Regular
77172,1656,1,200.0,Regular
77125,1565,1,200.0,Regular
77075,1140,1,200.0,Regular
77065,1653,1,200.0,Regular
51727,6620,2,200.0,At Risk / Lapsed
76833,1279,1,200.0,Regular
33114,4442,1,200.0,Regular
31833,8667,1,200.0,At Risk / Lapsed
63161,1643,1,200.0,Regular
12064,775,1,200.0,Regular
80587,810,1,200.0,Regular
78927,924,1,200.0,Regular
78865,995,1,200.0,Regular
63138,994,1,200.0,Regular
63137,3420,1,200.0,Regular
12267,9339,1,200.0,At Risk / Lapsed
63106,3766,1,200.0,Regular
62908,1517,1,200.0,Regular
15002,2947,2,200.0,Regular
12389,9073,1,200.0,At Risk / Lapsed
15115,6628,1,200.0,At Risk / Lapsed
50999,3623,1,200.0,Regular
79559,917,1,200.0,Regular
79510,823,1,200.0,Regular
78967,919,1,200.0,Regular
